"StateFIPS","State","Year","Value","Data Comment",,"Cause"
"02","Alaska","2001","0.00","Unstable",,"Cause: Fire"
"02","Alaska","2001","0.00","Unstable",,"Cause: Unknown Mechanism or Intent "
"02","Alaska","2002","0.00","Unstable",,"Cause: Fire"
"02","Alaska","2002","0.62","Unstable",,"Cause: Unknown Mechanism or Intent "
"02","Alaska","2003","0.15","Unstable",,"Cause: Fire"
"02","Alaska","2003","0.31","Unstable",,"Cause: Unknown Mechanism or Intent "
"02","Alaska","2004","0.00","Unstable",,"Cause: Fire"
"02","Alaska","2004","0.30","Unstable",,"Cause: Unknown Mechanism or Intent "
"02","Alaska","2005","0.15","Unstable",,"Cause: Fire"
"02","Alaska","2005","0.30","Unstable",,"Cause: Unknown Mechanism or Intent "
"02","Alaska","2006","0.15","Unstable",,"Cause: Fire"
"02","Alaska","2006","0.15","Unstable",,"Cause: Unknown Mechanism or Intent "
"02","Alaska","2007","0.00","Unstable",,"Cause: Fire"
"02","Alaska","2007","0.29","Unstable",,"Cause: Unknown Mechanism or Intent "
"02","Alaska","2008","0.15","Unstable",,"Cause: Fire"
"02","Alaska","2008","0.15","Unstable",,"Cause: Unknown Mechanism or Intent "
"02","Alaska","2009","0.14","Unstable",,"Cause: Fire"
"02","Alaska","2009","0.29","Unstable",,"Cause: Unknown Mechanism or Intent "
"02","Alaska","2010","0.00","Unstable",,"Cause: Fire"
"02","Alaska","2010","0.42","Unstable",,"Cause: Unknown Mechanism or Intent "
"02","Alaska","2011","0.00","Unstable",,"Cause: Fire"
"02","Alaska","2011","0.42","Unstable",,"Cause: Unknown Mechanism or Intent "
"02","Alaska","2012","0.00","Unstable",,"Cause: Fire"
"02","Alaska","2012","0.27","Unstable",,"Cause: Unknown Mechanism or Intent "
"04","Arizona","2005","0.05","Unstable",,"Cause: Fire"
"04","Arizona","2005","0.21","",,"Cause: Unknown Mechanism or Intent "
"04","Arizona","2006","0.02","Unstable",,"Cause: Fire"
"04","Arizona","2006","0.20","",,"Cause: Unknown Mechanism or Intent "
"04","Arizona","2007","0.00","Unstable",,"Cause: Fire"
"04","Arizona","2007","0.15","Unstable",,"Cause: Unknown Mechanism or Intent "
"04","Arizona","2008","0.11","Unstable",,"Cause: Fire"
"04","Arizona","2008","0.10","Unstable",,"Cause: Unknown Mechanism or Intent "
"04","Arizona","2009","0.05","Unstable",,"Cause: Fire"
"04","Arizona","2009","0.00","Unstable",,"Cause: Unknown Mechanism or Intent "
"04","Arizona","2010","0.06","Unstable",,"Cause: Fire"
"04","Arizona","2010","0.02","Unstable",,"Cause: Unknown Mechanism or Intent "
"04","Arizona","2011","0.05","Unstable",,"Cause: Fire"
"04","Arizona","2011","0.11","Unstable",,"Cause: Unknown Mechanism or Intent "
"04","Arizona","2012","0.03","Unstable",,"Cause: Fire"
"04","Arizona","2012","0.03","Unstable",,"Cause: Unknown Mechanism or Intent "
"04","Arizona","2013","0.03","Unstable",,"Cause: Fire"
"04","Arizona","2013","0.02","Unstable",,"Cause: Unknown Mechanism or Intent "
"04","Arizona","2014","0.09","Unstable",,"Cause: Fire"
"04","Arizona","2014","0.10","Unstable",,"Cause: Unknown Mechanism or Intent "
"04","Arizona","2015","0.01","Unstable",,"Cause: Fire"
"04","Arizona","2015","0.06","Unstable",,"Cause: Unknown Mechanism or Intent "
"04","Arizona","2016","0.00","Unstable",,"Cause: Fire"
"04","Arizona","2016","0.04","Unstable",,"Cause: Unknown Mechanism or Intent "
"04","Arizona","2017","0.00","Unstable",,"Cause: Fire"
"04","Arizona","2017","0.11","Unstable",,"Cause: Unknown Mechanism or Intent "
"04","Arizona","2018","0.00","Unstable",,"Cause: Fire"
"04","Arizona","2018","0.11","Unstable",,"Cause: Unknown Mechanism or Intent "
"04","Arizona","2019","0.00","Unstable",,"Cause: Fire"
"04","Arizona","2019","0.04","Unstable",,"Cause: Unknown Mechanism or Intent "
"04","Arizona","2020","0.00","Unstable",,"Cause: Fire"
"04","Arizona","2020","0.04","Unstable",,"Cause: Unknown Mechanism or Intent "
"04","Arizona","2021","0.00","Unstable",,"Cause: Fire"
"04","Arizona","2021","0.07","Unstable",,"Cause: Unknown Mechanism or Intent "
"04","Arizona","2022","0.00","Unstable",,"Cause: Fire"
"04","Arizona","2022","0.04","Unstable",,"Cause: Unknown Mechanism or Intent "
"06","California","2000","0.07","",,"Cause: Fire"
"06","California","2000","0.04","",,"Cause: Unknown Mechanism or Intent "
"06","California","2001","0.05","",,"Cause: Fire"
"06","California","2001","0.08","",,"Cause: Unknown Mechanism or Intent "
"06","California","2002","0.07","",,"Cause: Fire"
"06","California","2002","0.07","",,"Cause: Unknown Mechanism or Intent "
"06","California","2003","0.06","",,"Cause: Fire"
"06","California","2003","0.05","",,"Cause: Unknown Mechanism or Intent "
"06","California","2004","0.04","",,"Cause: Fire"
"06","California","2004","0.05","",,"Cause: Unknown Mechanism or Intent "
"06","California","2005","0.07","",,"Cause: Fire"
"06","California","2005","0.06","",,"Cause: Unknown Mechanism or Intent "
"06","California","2006","0.06","",,"Cause: Fire"
"06","California","2006","0.09","",,"Cause: Unknown Mechanism or Intent "
"06","California","2007","0.06","",,"Cause: Fire"
"06","California","2007","0.06","",,"Cause: Unknown Mechanism or Intent "
"06","California","2008","0.06","",,"Cause: Fire"
"06","California","2008","0.10","",,"Cause: Unknown Mechanism or Intent "
"06","California","2009","0.05","",,"Cause: Fire"
"06","California","2009","0.11","",,"Cause: Unknown Mechanism or Intent "
"06","California","2010","0.07","",,"Cause: Fire"
"06","California","2010","0.10","",,"Cause: Unknown Mechanism or Intent "
"06","California","2011","0.07","",,"Cause: Fire"
"06","California","2011","0.13","",,"Cause: Unknown Mechanism or Intent "
"06","California","2012","0.06","",,"Cause: Fire"
"06","California","2012","0.10","",,"Cause: Unknown Mechanism or Intent "
"06","California","2013","0.07","",,"Cause: Fire"
"06","California","2013","0.10","",,"Cause: Unknown Mechanism or Intent "
"06","California","2014","0.04","",,"Cause: Fire"
"06","California","2014","0.09","",,"Cause: Unknown Mechanism or Intent "
"06","California","2015","0.01","Unstable",,"Cause: Fire"
"06","California","2015","0.05","",,"Cause: Unknown Mechanism or Intent "
"06","California","2016","0.04","",,"Cause: Fire"
"06","California","2016","0.02","Unstable",,"Cause: Unknown Mechanism or Intent "
"06","California","2017","0.06","",,"Cause: Fire"
"06","California","2017","0.04","",,"Cause: Unknown Mechanism or Intent "
"06","California","2018","0.05","",,"Cause: Fire"
"06","California","2018","0.04","",,"Cause: Unknown Mechanism or Intent "
"06","California","2019","0.05","",,"Cause: Fire"
"06","California","2019","0.03","",,"Cause: Unknown Mechanism or Intent "
"06","California","2020","0.04","",,"Cause: Fire"
"06","California","2020","0.05","",,"Cause: Unknown Mechanism or Intent "
"08","Colorado","2004","0.07","Unstable",,"Cause: Fire"
"08","Colorado","2004","0.11","Unstable",,"Cause: Unknown Mechanism or Intent "
"08","Colorado","2005","0.11","Unstable",,"Cause: Fire"
"08","Colorado","2005","0.13","Unstable",,"Cause: Unknown Mechanism or Intent "
"08","Colorado","2006","0.17","Unstable",,"Cause: Fire"
"08","Colorado","2006","0.08","Unstable",,"Cause: Unknown Mechanism or Intent "
"08","Colorado","2007","0.10","Unstable",,"Cause: Fire"
"08","Colorado","2007","0.10","Unstable",,"Cause: Unknown Mechanism or Intent "
"08","Colorado","2008","0.10","Unstable",,"Cause: Fire"
"08","Colorado","2008","0.04","Unstable",,"Cause: Unknown Mechanism or Intent "
"08","Colorado","2009","0.16","Unstable",,"Cause: Fire"
"08","Colorado","2009","0.04","Unstable",,"Cause: Unknown Mechanism or Intent "
"08","Colorado","2010","0.10","Unstable",,"Cause: Fire"
"08","Colorado","2010","0.20","Unstable",,"Cause: Unknown Mechanism or Intent "
"08","Colorado","2011","0.12","Unstable",,"Cause: Fire"
"08","Colorado","2011","0.14","Unstable",,"Cause: Unknown Mechanism or Intent "
"08","Colorado","2012","0.08","Unstable",,"Cause: Fire"
"08","Colorado","2012","0.23","",,"Cause: Unknown Mechanism or Intent "
"08","Colorado","2013","0.09","Unstable",,"Cause: Fire"
"08","Colorado","2013","0.17","Unstable",,"Cause: Unknown Mechanism or Intent "
"08","Colorado","2014","0.11","Unstable",,"Cause: Fire"
"08","Colorado","2014","0.19","Unstable",,"Cause: Unknown Mechanism or Intent "
"08","Colorado","2015","0.09","Unstable",,"Cause: Fire"
"08","Colorado","2015","0.15","Unstable",,"Cause: Unknown Mechanism or Intent "
"08","Colorado","2016","0.09","Unstable",,"Cause: Fire"
"08","Colorado","2016","0.04","Unstable",,"Cause: Unknown Mechanism or Intent "
"08","Colorado","2017","0.00","Unstable",,"Cause: Fire"
"08","Colorado","2017","0.07","Unstable",,"Cause: Unknown Mechanism or Intent "
"08","Colorado","2018","0.00","Unstable",,"Cause: Fire"
"08","Colorado","2018","0.05","Unstable",,"Cause: Unknown Mechanism or Intent "
"08","Colorado","2019","0.00","Unstable",,"Cause: Fire"
"08","Colorado","2019","0.05","Unstable",,"Cause: Unknown Mechanism or Intent "
"08","Colorado","2020","0.00","Unstable",,"Cause: Fire"
"08","Colorado","2020","0.03","Unstable",,"Cause: Unknown Mechanism or Intent "
"08","Colorado","2021","0.00","Unstable",,"Cause: Fire"
"08","Colorado","2021","0.03","Unstable",,"Cause: Unknown Mechanism or Intent "
"09","Connecticut","2000","0.12","Unstable",,"Cause: Fire"
"09","Connecticut","2000","0.09","Unstable",,"Cause: Unknown Mechanism or Intent "
"09","Connecticut","2001","0.06","Unstable",,"Cause: Fire"
"09","Connecticut","2001","0.17","Unstable",,"Cause: Unknown Mechanism or Intent "
"09","Connecticut","2002","0.14","Unstable",,"Cause: Fire"
"09","Connecticut","2002","0.17","Unstable",,"Cause: Unknown Mechanism or Intent "
"09","Connecticut","2003","0.11","Unstable",,"Cause: Fire"
"09","Connecticut","2003","0.34","",,"Cause: Unknown Mechanism or Intent "
"09","Connecticut","2004","0.14","Unstable",,"Cause: Fire"
"09","Connecticut","2004","0.09","Unstable",,"Cause: Unknown Mechanism or Intent "
"09","Connecticut","2005","0.03","Unstable",,"Cause: Fire"
"09","Connecticut","2005","0.11","Unstable",,"Cause: Unknown Mechanism or Intent "
"09","Connecticut","2006","0.11","Unstable",,"Cause: Fire"
"09","Connecticut","2006","0.03","Unstable",,"Cause: Unknown Mechanism or Intent "
"09","Connecticut","2007","0.11","Unstable",,"Cause: Fire"
"09","Connecticut","2007","0.09","Unstable",,"Cause: Unknown Mechanism or Intent "
"09","Connecticut","2008","0.14","Unstable",,"Cause: Fire"
"09","Connecticut","2008","0.17","Unstable",,"Cause: Unknown Mechanism or Intent "
"09","Connecticut","2009","0.11","Unstable",,"Cause: Fire"
"09","Connecticut","2009","0.03","Unstable",,"Cause: Unknown Mechanism or Intent "
"09","Connecticut","2010","0.06","Unstable",,"Cause: Fire"
"09","Connecticut","2010","0.08","Unstable",,"Cause: Unknown Mechanism or Intent "
"09","Connecticut","2011","0.08","Unstable",,"Cause: Fire"
"09","Connecticut","2011","0.25","Unstable",,"Cause: Unknown Mechanism or Intent "
"09","Connecticut","2012","0.08","Unstable",,"Cause: Fire"
"09","Connecticut","2012","0.22","Unstable",,"Cause: Unknown Mechanism or Intent "
"09","Connecticut","2013","0.14","Unstable",,"Cause: Fire"
"09","Connecticut","2013","0.25","Unstable",,"Cause: Unknown Mechanism or Intent "
"09","Connecticut","2014","0.11","Unstable",,"Cause: Fire"
"09","Connecticut","2014","0.28","Unstable",,"Cause: Unknown Mechanism or Intent "
"09","Connecticut","2015","0.03","Unstable",,"Cause: Fire"
"09","Connecticut","2015","0.03","Unstable",,"Cause: Unknown Mechanism or Intent "
"09","Connecticut","2016","0.03","Unstable",,"Cause: Fire"
"09","Connecticut","2016","0.03","Unstable",,"Cause: Unknown Mechanism or Intent "
"09","Connecticut","2017","0.03","Unstable",,"Cause: Fire"
"09","Connecticut","2017","0.00","Unstable",,"Cause: Unknown Mechanism or Intent "
"09","Connecticut","2018","0.00","Unstable",,"Cause: Fire"
"09","Connecticut","2018","0.08","Unstable",,"Cause: Unknown Mechanism or Intent "
"09","Connecticut","2019","0.06","Unstable",,"Cause: Fire"
"09","Connecticut","2019","0.06","Unstable",,"Cause: Unknown Mechanism or Intent "
"09","Connecticut","2020","0.08","Unstable",,"Cause: Fire"
"09","Connecticut","2020","0.06","Unstable",,"Cause: Unknown Mechanism or Intent "
"09","Connecticut","2021","0.00","Unstable",,"Cause: Fire"
"09","Connecticut","2021","0.11","Unstable",,"Cause: Unknown Mechanism or Intent "
"09","Connecticut","2022","0.00","Unstable",,"Cause: Fire"
"09","Connecticut","2022","0.06","Unstable",,"Cause: Unknown Mechanism or Intent "
"12","Florida","2000","0.06","Unstable",,"Cause: Fire"
"12","Florida","2000","0.29","",,"Cause: Unknown Mechanism or Intent "
"12","Florida","2001","0.08","",,"Cause: Fire"
"12","Florida","2001","0.19","",,"Cause: Unknown Mechanism or Intent "
"12","Florida","2002","0.08","",,"Cause: Fire"
"12","Florida","2002","0.20","",,"Cause: Unknown Mechanism or Intent "
"12","Florida","2003","0.02","Unstable",,"Cause: Fire"
"12","Florida","2003","0.22","",,"Cause: Unknown Mechanism or Intent "
"12","Florida","2004","0.05","Unstable",,"Cause: Fire"
"12","Florida","2004","0.33","",,"Cause: Unknown Mechanism or Intent "
"12","Florida","2005","0.06","Unstable",,"Cause: Fire"
"12","Florida","2005","0.24","",,"Cause: Unknown Mechanism or Intent "
"12","Florida","2006","0.09","",,"Cause: Fire"
"12","Florida","2006","0.20","",,"Cause: Unknown Mechanism or Intent "
"12","Florida","2007","0.16","",,"Cause: Fire"
"12","Florida","2007","0.33","",,"Cause: Unknown Mechanism or Intent "
"12","Florida","2008","0.09","",,"Cause: Fire"
"12","Florida","2008","0.16","",,"Cause: Unknown Mechanism or Intent "
"12","Florida","2009","0.12","",,"Cause: Fire"
"12","Florida","2009","0.13","",,"Cause: Unknown Mechanism or Intent "
"12","Florida","2010","0.10","",,"Cause: Fire"
"12","Florida","2010","0.24","",,"Cause: Unknown Mechanism or Intent "
"12","Florida","2011","0.12","",,"Cause: Fire"
"12","Florida","2011","0.15","",,"Cause: Unknown Mechanism or Intent "
"12","Florida","2012","0.10","",,"Cause: Fire"
"12","Florida","2012","0.18","",,"Cause: Unknown Mechanism or Intent "
"12","Florida","2013","0.08","",,"Cause: Fire"
"12","Florida","2013","0.23","",,"Cause: Unknown Mechanism or Intent "
"12","Florida","2014","0.10","",,"Cause: Fire"
"12","Florida","2014","0.24","",,"Cause: Unknown Mechanism or Intent "
"12","Florida","2015","0.04","Unstable",,"Cause: Fire"
"12","Florida","2015","0.22","",,"Cause: Unknown Mechanism or Intent "
"12","Florida","2016","0.08","",,"Cause: Fire"
"12","Florida","2016","0.03","Unstable",,"Cause: Unknown Mechanism or Intent "
"12","Florida","2017","0.06","",,"Cause: Fire"
"12","Florida","2017","0.03","Unstable",,"Cause: Unknown Mechanism or Intent "
"12","Florida","2018","0.05","Unstable",,"Cause: Fire"
"12","Florida","2018","0.01","Unstable",,"Cause: Unknown Mechanism or Intent "
"12","Florida","2019","0.07","",,"Cause: Fire"
"12","Florida","2019","0.03","Unstable",,"Cause: Unknown Mechanism or Intent "
"12","Florida","2020","0.09","",,"Cause: Fire"
"12","Florida","2020","0.03","Unstable",,"Cause: Unknown Mechanism or Intent "
"12","Florida","2021","0.09","",,"Cause: Fire"
"12","Florida","2021","0.02","Unstable",,"Cause: Unknown Mechanism or Intent "
"12","Florida","2022","0.07","",,"Cause: Fire"
"12","Florida","2022","0.01","Unstable",,"Cause: Unknown Mechanism or Intent "
"19","Iowa","2000","0.00","Unstable",,"Cause: Fire"
"19","Iowa","2000","0.24","Unstable",,"Cause: Unknown Mechanism or Intent "
"19","Iowa","2001","0.03","Unstable",,"Cause: Fire"
"19","Iowa","2001","0.24","Unstable",,"Cause: Unknown Mechanism or Intent "
"19","Iowa","2002","0.20","Unstable",,"Cause: Fire"
"19","Iowa","2002","0.41","",,"Cause: Unknown Mechanism or Intent "
"19","Iowa","2003","0.03","Unstable",,"Cause: Fire"
"19","Iowa","2003","0.27","Unstable",,"Cause: Unknown Mechanism or Intent "
"19","Iowa","2004","0.10","Unstable",,"Cause: Fire"
"19","Iowa","2004","0.30","Unstable",,"Cause: Unknown Mechanism or Intent "
"19","Iowa","2005","0.00","Unstable",,"Cause: Fire"
"19","Iowa","2005","0.24","Unstable",,"Cause: Unknown Mechanism or Intent "
"19","Iowa","2006","0.10","Unstable",,"Cause: Fire"
"19","Iowa","2006","0.20","Unstable",,"Cause: Unknown Mechanism or Intent "
"19","Iowa","2007","0.07","Unstable",,"Cause: Fire"
"19","Iowa","2007","0.20","Unstable",,"Cause: Unknown Mechanism or Intent "
"19","Iowa","2008","0.17","Unstable",,"Cause: Fire"
"19","Iowa","2008","0.36","Unstable",,"Cause: Unknown Mechanism or Intent "
"19","Iowa","2009","0.13","Unstable",,"Cause: Fire"
"19","Iowa","2009","0.23","Unstable",,"Cause: Unknown Mechanism or Intent "
"19","Iowa","2010","0.10","Unstable",,"Cause: Fire"
"19","Iowa","2010","0.13","Unstable",,"Cause: Unknown Mechanism or Intent "
"19","Iowa","2011","0.10","Unstable",,"Cause: Fire"
"19","Iowa","2011","0.20","Unstable",,"Cause: Unknown Mechanism or Intent "
"19","Iowa","2012","0.07","Unstable",,"Cause: Fire"
"19","Iowa","2012","0.33","Unstable",,"Cause: Unknown Mechanism or Intent "
"19","Iowa","2013","0.10","Unstable",,"Cause: Fire"
"19","Iowa","2013","0.26","Unstable",,"Cause: Unknown Mechanism or Intent "
"19","Iowa","2014","0.03","Unstable",,"Cause: Fire"
"19","Iowa","2014","0.42","",,"Cause: Unknown Mechanism or Intent "
"19","Iowa","2015","0.06","Unstable",,"Cause: Fire"
"19","Iowa","2015","0.80","",,"Cause: Unknown Mechanism or Intent "
"19","Iowa","2016","0.00","Unstable",,"Cause: Fire"
"19","Iowa","2016","0.35","Unstable",,"Cause: Unknown Mechanism or Intent "
"19","Iowa","2017","0.10","Unstable",,"Cause: Fire"
"19","Iowa","2017","0.57","",,"Cause: Unknown Mechanism or Intent "
"19","Iowa","2018","0.00","Unstable",,"Cause: Fire"
"19","Iowa","2018","0.29","Unstable",,"Cause: Unknown Mechanism or Intent "
"19","Iowa","2019","0.03","Unstable",,"Cause: Fire"
"19","Iowa","2019","0.32","Unstable",,"Cause: Unknown Mechanism or Intent "
"19","Iowa","2020","0.00","Unstable",,"Cause: Fire"
"19","Iowa","2020","0.41","",,"Cause: Unknown Mechanism or Intent "
"19","Iowa","2021","0.03","Unstable",,"Cause: Fire"
"19","Iowa","2021","0.16","Unstable",,"Cause: Unknown Mechanism or Intent "
"19","Iowa","2022","0.09","Unstable",,"Cause: Fire"
"19","Iowa","2022","0.25","Unstable",,"Cause: Unknown Mechanism or Intent "
"20","Kansas","2000","0.00","Unstable",,"Cause: Fire"
"20","Kansas","2000","0.22","Unstable",,"Cause: Unknown Mechanism or Intent "
"20","Kansas","2001","0.07","Unstable",,"Cause: Fire"
"20","Kansas","2001","0.59","",,"Cause: Unknown Mechanism or Intent "
"20","Kansas","2002","0.11","Unstable",,"Cause: Fire"
"20","Kansas","2002","0.55","",,"Cause: Unknown Mechanism or Intent "
"20","Kansas","2003","0.04","Unstable",,"Cause: Fire"
"20","Kansas","2003","0.51","",,"Cause: Unknown Mechanism or Intent "
"20","Kansas","2004","0.15","Unstable",,"Cause: Fire"
"20","Kansas","2004","0.15","Unstable",,"Cause: Unknown Mechanism or Intent "
"20","Kansas","2005","0.15","Unstable",,"Cause: Fire"
"20","Kansas","2005","0.15","Unstable",,"Cause: Unknown Mechanism or Intent "
"20","Kansas","2006","0.18","Unstable",,"Cause: Fire"
"20","Kansas","2006","0.22","Unstable",,"Cause: Unknown Mechanism or Intent "
"20","Kansas","2007","0.18","Unstable",,"Cause: Fire"
"20","Kansas","2007","0.18","Unstable",,"Cause: Unknown Mechanism or Intent "
"20","Kansas","2008","0.14","Unstable",,"Cause: Fire"
"20","Kansas","2008","0.25","Unstable",,"Cause: Unknown Mechanism or Intent "
"20","Kansas","2009","0.14","Unstable",,"Cause: Fire"
"20","Kansas","2009","0.18","Unstable",,"Cause: Unknown Mechanism or Intent "
"20","Kansas","2010","0.21","Unstable",,"Cause: Fire"
"20","Kansas","2010","0.28","Unstable",,"Cause: Unknown Mechanism or Intent "
"20","Kansas","2011","0.21","Unstable",,"Cause: Fire"
"20","Kansas","2011","0.07","Unstable",,"Cause: Unknown Mechanism or Intent "
"20","Kansas","2012","0.10","Unstable",,"Cause: Fire"
"20","Kansas","2012","0.10","Unstable",,"Cause: Unknown Mechanism or Intent "
"20","Kansas","2013","0.21","Unstable",,"Cause: Fire"
"20","Kansas","2013","0.14","Unstable",,"Cause: Unknown Mechanism or Intent "
"20","Kansas","2014","0.03","Unstable",,"Cause: Fire"
"20","Kansas","2014","0.17","Unstable",,"Cause: Unknown Mechanism or Intent "
"20","Kansas","2015","0.14","Unstable",,"Cause: Fire"
"20","Kansas","2015","0.41","",,"Cause: Unknown Mechanism or Intent "
"20","Kansas","2016","0.00","Unstable",,"Cause: Fire"
"20","Kansas","2016","0.27","Unstable",,"Cause: Unknown Mechanism or Intent "
"20","Kansas","2017","0.00","Unstable",,"Cause: Fire"
"20","Kansas","2017","0.27","Unstable",,"Cause: Unknown Mechanism or Intent "
"20","Kansas","2018","0.03","Unstable",,"Cause: Fire"
"20","Kansas","2018","0.14","Unstable",,"Cause: Unknown Mechanism or Intent "
"20","Kansas","2019","0.14","Unstable",,"Cause: Fire"
"20","Kansas","2019","0.00","Unstable",,"Cause: Unknown Mechanism or Intent "
"20","Kansas","2020","0.14","Unstable",,"Cause: Fire"
"20","Kansas","2020","0.00","Unstable",,"Cause: Unknown Mechanism or Intent "
"20","Kansas","2021","0.14","Unstable",,"Cause: Fire"
"20","Kansas","2021","0.00","Unstable",,"Cause: Unknown Mechanism or Intent "
"21","Kentucky","2000","0.02","Unstable",,"Cause: Fire"
"21","Kentucky","2000","0.22","Unstable",,"Cause: Unknown Mechanism or Intent "
"21","Kentucky","2001","0.15","Unstable",,"Cause: Fire"
"21","Kentucky","2001","0.10","Unstable",,"Cause: Unknown Mechanism or Intent "
"21","Kentucky","2002","0.02","Unstable",,"Cause: Fire"
"21","Kentucky","2002","0.61","",,"Cause: Unknown Mechanism or Intent "
"21","Kentucky","2003","0.12","Unstable",,"Cause: Fire"
"21","Kentucky","2003","0.46","",,"Cause: Unknown Mechanism or Intent "
"21","Kentucky","2004","0.02","Unstable",,"Cause: Fire"
"21","Kentucky","2004","0.34","",,"Cause: Unknown Mechanism or Intent "
"21","Kentucky","2005","0.07","Unstable",,"Cause: Fire"
"21","Kentucky","2005","0.26","Unstable",,"Cause: Unknown Mechanism or Intent "
"21","Kentucky","2006","0.05","Unstable",,"Cause: Fire"
"21","Kentucky","2006","0.26","Unstable",,"Cause: Unknown Mechanism or Intent "
"21","Kentucky","2007","0.12","Unstable",,"Cause: Fire"
"21","Kentucky","2007","0.19","Unstable",,"Cause: Unknown Mechanism or Intent "
"21","Kentucky","2008","0.02","Unstable",,"Cause: Fire"
"21","Kentucky","2008","0.14","Unstable",,"Cause: Unknown Mechanism or Intent "
"21","Kentucky","2009","0.16","Unstable",,"Cause: Fire"
"21","Kentucky","2009","0.35","",,"Cause: Unknown Mechanism or Intent "
"21","Kentucky","2010","0.07","Unstable",,"Cause: Fire"
"21","Kentucky","2010","0.21","Unstable",,"Cause: Unknown Mechanism or Intent "
"21","Kentucky","2011","0.14","Unstable",,"Cause: Fire"
"21","Kentucky","2011","0.50","",,"Cause: Unknown Mechanism or Intent "
"21","Kentucky","2012","0.02","Unstable",,"Cause: Fire"
"21","Kentucky","2012","0.14","Unstable",,"Cause: Unknown Mechanism or Intent "
"21","Kentucky","2013","0.07","Unstable",,"Cause: Fire"
"21","Kentucky","2013","0.29","",,"Cause: Unknown Mechanism or Intent "
"21","Kentucky","2014","0.09","Unstable",,"Cause: Fire"
"21","Kentucky","2014","0.25","Unstable",,"Cause: Unknown Mechanism or Intent "
"21","Kentucky","2015","0.00","Unstable",,"Cause: Fire"
"21","Kentucky","2015","0.43","",,"Cause: Unknown Mechanism or Intent "
"21","Kentucky","2016","0.00","Unstable",,"Cause: Fire"
"21","Kentucky","2016","0.02","Unstable",,"Cause: Unknown Mechanism or Intent "
"21","Kentucky","2017","0.00","Unstable",,"Cause: Fire"
"21","Kentucky","2017","0.00","Unstable",,"Cause: Unknown Mechanism or Intent "
"21","Kentucky","2018","0.02","Unstable",,"Cause: Fire"
"21","Kentucky","2018","0.09","Unstable",,"Cause: Unknown Mechanism or Intent "
"21","Kentucky","2019","0.18","Unstable",,"Cause: Fire"
"21","Kentucky","2019","0.04","Unstable",,"Cause: Unknown Mechanism or Intent "
"21","Kentucky","2020","0.00","Unstable",,"Cause: Fire"
"21","Kentucky","2020","0.00","Unstable",,"Cause: Unknown Mechanism or Intent "
"21","Kentucky","2021","0.00","Unstable",,"Cause: Fire"
"21","Kentucky","2021","0.04","Unstable",,"Cause: Unknown Mechanism or Intent "
"22","Louisiana","2000","0.16","Unstable",,"Cause: Fire"
"22","Louisiana","2000","0.27","",,"Cause: Unknown Mechanism or Intent "
"22","Louisiana","2001","0.07","Unstable",,"Cause: Fire"
"22","Louisiana","2001","0.38","",,"Cause: Unknown Mechanism or Intent "
"22","Louisiana","2002","0.11","Unstable",,"Cause: Fire"
"22","Louisiana","2002","0.33","",,"Cause: Unknown Mechanism or Intent "
"22","Louisiana","2003","0.04","Unstable",,"Cause: Fire"
"22","Louisiana","2003","0.20","Unstable",,"Cause: Unknown Mechanism or Intent "
"22","Louisiana","2004","0.00","Unstable",,"Cause: Fire"
"22","Louisiana","2004","0.35","",,"Cause: Unknown Mechanism or Intent "
"22","Louisiana","2005","0.00","Unstable",,"Cause: Fire"
"22","Louisiana","2005","0.33","",,"Cause: Unknown Mechanism or Intent "
"22","Louisiana","2006","0.12","Unstable",,"Cause: Fire"
"22","Louisiana","2006","0.21","Unstable",,"Cause: Unknown Mechanism or Intent "
"22","Louisiana","2007","0.07","Unstable",,"Cause: Fire"
"22","Louisiana","2007","0.16","Unstable",,"Cause: Unknown Mechanism or Intent "
"22","Louisiana","2008","0.16","Unstable",,"Cause: Fire"
"22","Louisiana","2008","0.41","",,"Cause: Unknown Mechanism or Intent "
"22","Louisiana","2009","0.02","Unstable",,"Cause: Fire"
"22","Louisiana","2009","0.27","",,"Cause: Unknown Mechanism or Intent "
"22","Louisiana","2010","0.04","Unstable",,"Cause: Fire"
"22","Louisiana","2010","0.20","Unstable",,"Cause: Unknown Mechanism or Intent "
"22","Louisiana","2011","0.02","Unstable",,"Cause: Fire"
"22","Louisiana","2011","0.17","Unstable",,"Cause: Unknown Mechanism or Intent "
"22","Louisiana","2012","0.02","Unstable",,"Cause: Fire"
"22","Louisiana","2012","0.24","Unstable",,"Cause: Unknown Mechanism or Intent "
"22","Louisiana","2013","0.06","Unstable",,"Cause: Fire"
"22","Louisiana","2013","0.43","",,"Cause: Unknown Mechanism or Intent "
"22","Louisiana","2014","0.09","Unstable",,"Cause: Fire"
"22","Louisiana","2014","0.22","Unstable",,"Cause: Unknown Mechanism or Intent "
"22","Louisiana","2015","0.00","Unstable",,"Cause: Fire"
"22","Louisiana","2015","0.15","Unstable",,"Cause: Unknown Mechanism or Intent "
"22","Louisiana","2016","0.11","Unstable",,"Cause: Fire"
"22","Louisiana","2016","0.04","Unstable",,"Cause: Unknown Mechanism or Intent "
"22","Louisiana","2017","0.09","Unstable",,"Cause: Fire"
"22","Louisiana","2017","0.02","Unstable",,"Cause: Unknown Mechanism or Intent "
"22","Louisiana","2018","0.13","Unstable",,"Cause: Fire"
"22","Louisiana","2018","0.02","Unstable",,"Cause: Unknown Mechanism or Intent "
"22","Louisiana","2019","0.21","Unstable",,"Cause: Fire"
"22","Louisiana","2019","0.00","Unstable",,"Cause: Unknown Mechanism or Intent "
"22","Louisiana","2020","0.19","Unstable",,"Cause: Fire"
"22","Louisiana","2020","0.00","Unstable",,"Cause: Unknown Mechanism or Intent "
"22","Louisiana","2021","0.11","Unstable",,"Cause: Fire"
"22","Louisiana","2021","0.00","Unstable",,"Cause: Unknown Mechanism or Intent "
"23","Maine","2001","0.00","Unstable",,"Cause: Fire"
"23","Maine","2001","0.62","Unstable",,"Cause: Unknown Mechanism or Intent "
"23","Maine","2002","0.00","Unstable",,"Cause: Fire"
"23","Maine","2002","0.31","Unstable",,"Cause: Unknown Mechanism or Intent "
"23","Maine","2003","0.08","Unstable",,"Cause: Fire"
"23","Maine","2003","0.38","Unstable",,"Cause: Unknown Mechanism or Intent "
"23","Maine","2004","0.08","Unstable",,"Cause: Fire"
"23","Maine","2004","0.46","Unstable",,"Cause: Unknown Mechanism or Intent "
"23","Maine","2005","0.00","Unstable",,"Cause: Fire"
"23","Maine","2005","0.15","Unstable",,"Cause: Unknown Mechanism or Intent "
"23","Maine","2006","0.00","Unstable",,"Cause: Fire"
"23","Maine","2006","0.15","Unstable",,"Cause: Unknown Mechanism or Intent "
"23","Maine","2007","0.08","Unstable",,"Cause: Fire"
"23","Maine","2007","0.23","Unstable",,"Cause: Unknown Mechanism or Intent "
"23","Maine","2008","0.08","Unstable",,"Cause: Fire"
"23","Maine","2008","0.30","Unstable",,"Cause: Unknown Mechanism or Intent "
"23","Maine","2009","0.00","Unstable",,"Cause: Fire"
"23","Maine","2009","0.23","Unstable",,"Cause: Unknown Mechanism or Intent "
"23","Maine","2010","0.15","Unstable",,"Cause: Fire"
"23","Maine","2010","0.15","Unstable",,"Cause: Unknown Mechanism or Intent "
"23","Maine","2011","0.08","Unstable",,"Cause: Fire"
"23","Maine","2011","0.38","Unstable",,"Cause: Unknown Mechanism or Intent "
"23","Maine","2012","0.23","Unstable",,"Cause: Fire"
"23","Maine","2012","0.30","Unstable",,"Cause: Unknown Mechanism or Intent "
"23","Maine","2013","0.30","Unstable",,"Cause: Fire"
"23","Maine","2013","0.45","Unstable",,"Cause: Unknown Mechanism or Intent "
"23","Maine","2014","0.38","Unstable",,"Cause: Fire"
"23","Maine","2014","0.45","Unstable",,"Cause: Unknown Mechanism or Intent "
"23","Maine","2015","0.23","Unstable",,"Cause: Fire"
"23","Maine","2015","0.23","Unstable",,"Cause: Unknown Mechanism or Intent "
"23","Maine","2016","0.00","Unstable",,"Cause: Fire"
"23","Maine","2016","0.00","Unstable",,"Cause: Unknown Mechanism or Intent "
"23","Maine","2017","0.00","Unstable",,"Cause: Fire"
"23","Maine","2017","0.15","Unstable",,"Cause: Unknown Mechanism or Intent "
"23","Maine","2018","0.00","Unstable",,"Cause: Fire"
"23","Maine","2018","0.00","Unstable",,"Cause: Unknown Mechanism or Intent "
"23","Maine","2019","0.22","Unstable",,"Cause: Fire"
"23","Maine","2019","0.00","Unstable",,"Cause: Unknown Mechanism or Intent "
"23","Maine","2020","0.00","Unstable",,"Cause: Fire"
"23","Maine","2020","0.07","Unstable",,"Cause: Unknown Mechanism or Intent "
"23","Maine","2021","0.00","Unstable",,"Cause: Fire"
"23","Maine","2021","0.00","Unstable",,"Cause: Unknown Mechanism or Intent "
"24","Maryland","2000","0.47","",,"Cause: Fire"
"24","Maryland","2000","1.15","",,"Cause: Unknown Mechanism or Intent "
"24","Maryland","2001","0.54","",,"Cause: Fire"
"24","Maryland","2001","1.32","",,"Cause: Unknown Mechanism or Intent "
"24","Maryland","2002","0.37","",,"Cause: Fire"
"24","Maryland","2002","1.18","",,"Cause: Unknown Mechanism or Intent "
"24","Maryland","2003","0.44","",,"Cause: Fire"
"24","Maryland","2003","1.47","",,"Cause: Unknown Mechanism or Intent "
"24","Maryland","2004","0.14","Unstable",,"Cause: Fire"
"24","Maryland","2004","1.15","",,"Cause: Unknown Mechanism or Intent "
"24","Maryland","2005","0.41","",,"Cause: Fire"
"24","Maryland","2005","0.80","",,"Cause: Unknown Mechanism or Intent "
"24","Maryland","2006","0.18","Unstable",,"Cause: Fire"
"24","Maryland","2006","0.75","",,"Cause: Unknown Mechanism or Intent "
"24","Maryland","2007","0.51","",,"Cause: Fire"
"24","Maryland","2007","1.40","",,"Cause: Unknown Mechanism or Intent "
"24","Maryland","2008","0.25","",,"Cause: Fire"
"24","Maryland","2008","1.41","",,"Cause: Unknown Mechanism or Intent "
"24","Maryland","2009","0.19","Unstable",,"Cause: Fire"
"24","Maryland","2009","1.48","",,"Cause: Unknown Mechanism or Intent "
"24","Maryland","2010","0.17","Unstable",,"Cause: Fire"
"24","Maryland","2010","0.21","",,"Cause: Unknown Mechanism or Intent "
"24","Maryland","2011","0.12","Unstable",,"Cause: Fire"
"24","Maryland","2011","1.06","",,"Cause: Unknown Mechanism or Intent "
"24","Maryland","2012","0.22","",,"Cause: Fire"
"24","Maryland","2012","0.25","",,"Cause: Unknown Mechanism or Intent "
"24","Maryland","2013","0.19","Unstable",,"Cause: Fire"
"24","Maryland","2013","0.24","",,"Cause: Unknown Mechanism or Intent "
"24","Maryland","2014","0.25","",,"Cause: Fire"
"24","Maryland","2014","0.10","Unstable",,"Cause: Unknown Mechanism or Intent "
"24","Maryland","2015","0.15","Unstable",,"Cause: Fire"
"24","Maryland","2015","0.10","Unstable",,"Cause: Unknown Mechanism or Intent "
"24","Maryland","2016","0.07","Unstable",,"Cause: Fire"
"24","Maryland","2016","0.00","Unstable",,"Cause: Unknown Mechanism or Intent "
"24","Maryland","2017","0.15","Unstable",,"Cause: Fire"
"24","Maryland","2017","0.00","Unstable",,"Cause: Unknown Mechanism or Intent "
"24","Maryland","2018","0.03","Unstable",,"Cause: Fire"
"24","Maryland","2018","0.00","Unstable",,"Cause: Unknown Mechanism or Intent "
"24","Maryland","2019","0.12","Unstable",,"Cause: Fire"
"24","Maryland","2019","0.02","Unstable",,"Cause: Unknown Mechanism or Intent "
"24","Maryland","2020","0.10","Unstable",,"Cause: Fire"
"24","Maryland","2020","0.00","Unstable",,"Cause: Unknown Mechanism or Intent "
"25","Massachusetts","2000","0.09","Unstable",,"Cause: Fire"
"25","Massachusetts","2000","0.03","Unstable",,"Cause: Unknown Mechanism or Intent "
"25","Massachusetts","2001","0.09","Unstable",,"Cause: Fire"
"25","Massachusetts","2001","0.02","Unstable",,"Cause: Unknown Mechanism or Intent "
"25","Massachusetts","2002","0.02","Unstable",,"Cause: Fire"
"25","Massachusetts","2002","0.11","Unstable",,"Cause: Unknown Mechanism or Intent "
"25","Massachusetts","2003","0.06","Unstable",,"Cause: Fire"
"25","Massachusetts","2003","0.17","Unstable",,"Cause: Unknown Mechanism or Intent "
"25","Massachusetts","2004","0.09","Unstable",,"Cause: Fire"
"25","Massachusetts","2004","0.08","Unstable",,"Cause: Unknown Mechanism or Intent "
"25","Massachusetts","2005","0.03","Unstable",,"Cause: Fire"
"25","Massachusetts","2005","0.20","",,"Cause: Unknown Mechanism or Intent "
"25","Massachusetts","2006","0.05","Unstable",,"Cause: Fire"
"25","Massachusetts","2006","0.16","Unstable",,"Cause: Unknown Mechanism or Intent "
"25","Massachusetts","2007","0.19","",,"Cause: Fire"
"25","Massachusetts","2007","0.19","",,"Cause: Unknown Mechanism or Intent "
"25","Massachusetts","2008","0.08","Unstable",,"Cause: Fire"
"25","Massachusetts","2008","0.20","",,"Cause: Unknown Mechanism or Intent "
"25","Massachusetts","2009","0.11","Unstable",,"Cause: Fire"
"25","Massachusetts","2009","0.12","Unstable",,"Cause: Unknown Mechanism or Intent "
"25","Massachusetts","2010","0.02","Unstable",,"Cause: Fire"
"25","Massachusetts","2010","0.17","Unstable",,"Cause: Unknown Mechanism or Intent "
"25","Massachusetts","2011","0.09","Unstable",,"Cause: Fire"
"25","Massachusetts","2011","0.11","Unstable",,"Cause: Unknown Mechanism or Intent "
"25","Massachusetts","2012","0.06","Unstable",,"Cause: Fire"
"25","Massachusetts","2012","0.14","Unstable",,"Cause: Unknown Mechanism or Intent "
"25","Massachusetts","2013","0.09","Unstable",,"Cause: Fire"
"25","Massachusetts","2013","0.18","",,"Cause: Unknown Mechanism or Intent "
"25","Massachusetts","2014","0.07","Unstable",,"Cause: Fire"
"25","Massachusetts","2014","0.10","Unstable",,"Cause: Unknown Mechanism or Intent "
"25","Massachusetts","2015","0.04","Unstable",,"Cause: Fire"
"25","Massachusetts","2015","0.13","Unstable",,"Cause: Unknown Mechanism or Intent "
"25","Massachusetts","2016","0.06","Unstable",,"Cause: Fire"
"25","Massachusetts","2016","0.04","Unstable",,"Cause: Unknown Mechanism or Intent "
"25","Massachusetts","2017","0.04","Unstable",,"Cause: Fire"
"25","Massachusetts","2017","0.01","Unstable",,"Cause: Unknown Mechanism or Intent "
"25","Massachusetts","2018","0.06","Unstable",,"Cause: Fire"
"25","Massachusetts","2018","0.01","Unstable",,"Cause: Unknown Mechanism or Intent "
"25","Massachusetts","2019","0.09","Unstable",,"Cause: Fire"
"25","Massachusetts","2019","0.17","",,"Cause: Unknown Mechanism or Intent "
"25","Massachusetts","2020","0.06","Unstable",,"Cause: Fire"
"25","Massachusetts","2020","0.03","Unstable",,"Cause: Unknown Mechanism or Intent "
"26","Michigan","2001","0.11","Unstable",,"Cause: Fire"
"26","Michigan","2001","0.32","",,"Cause: Unknown Mechanism or Intent "
"26","Michigan","2002","0.05","Unstable",,"Cause: Fire"
"26","Michigan","2002","0.51","",,"Cause: Unknown Mechanism or Intent "
"26","Michigan","2003","0.10","Unstable",,"Cause: Fire"
"26","Michigan","2003","0.41","",,"Cause: Unknown Mechanism or Intent "
"26","Michigan","2004","0.12","",,"Cause: Fire"
"26","Michigan","2004","0.49","",,"Cause: Unknown Mechanism or Intent "
"26","Michigan","2005","0.14","",,"Cause: Fire"
"26","Michigan","2005","0.63","",,"Cause: Unknown Mechanism or Intent "
"26","Michigan","2006","0.14","",,"Cause: Fire"
"26","Michigan","2006","0.57","",,"Cause: Unknown Mechanism or Intent "
"26","Michigan","2007","0.23","",,"Cause: Fire"
"26","Michigan","2007","0.50","",,"Cause: Unknown Mechanism or Intent "
"26","Michigan","2008","0.19","",,"Cause: Fire"
"26","Michigan","2008","0.51","",,"Cause: Unknown Mechanism or Intent "
"26","Michigan","2009","0.25","",,"Cause: Fire"
"26","Michigan","2009","0.66","",,"Cause: Unknown Mechanism or Intent "
"26","Michigan","2010","0.18","",,"Cause: Fire"
"26","Michigan","2010","0.56","",,"Cause: Unknown Mechanism or Intent "
"26","Michigan","2011","0.28","",,"Cause: Fire"
"26","Michigan","2011","0.50","",,"Cause: Unknown Mechanism or Intent "
"26","Michigan","2012","0.26","",,"Cause: Fire"
"26","Michigan","2012","0.54","",,"Cause: Unknown Mechanism or Intent "
"26","Michigan","2013","0.20","",,"Cause: Fire"
"26","Michigan","2013","0.65","",,"Cause: Unknown Mechanism or Intent "
"26","Michigan","2014","0.24","",,"Cause: Fire"
"26","Michigan","2014","0.60","",,"Cause: Unknown Mechanism or Intent "
"26","Michigan","2015","0.07","Unstable",,"Cause: Fire"
"26","Michigan","2015","0.65","",,"Cause: Unknown Mechanism or Intent "
"26","Michigan","2016","0.16","",,"Cause: Fire"
"26","Michigan","2016","0.30","",,"Cause: Unknown Mechanism or Intent "
"26","Michigan","2017","0.19","",,"Cause: Fire"
"26","Michigan","2017","0.26","",,"Cause: Unknown Mechanism or Intent "
"26","Michigan","2018","0.15","",,"Cause: Fire"
"26","Michigan","2018","0.24","",,"Cause: Unknown Mechanism or Intent "
"26","Michigan","2019","0.17","",,"Cause: Fire"
"26","Michigan","2019","0.32","",,"Cause: Unknown Mechanism or Intent "
"26","Michigan","2020","0.18","",,"Cause: Fire"
"26","Michigan","2020","0.18","",,"Cause: Unknown Mechanism or Intent "
"27","Minnesota","2000","0.10","Unstable",,"Cause: Fire"
"27","Minnesota","2000","0.12","Unstable",,"Cause: Unknown Mechanism or Intent "
"27","Minnesota","2001","0.06","Unstable",,"Cause: Fire"
"27","Minnesota","2001","0.20","Unstable",,"Cause: Unknown Mechanism or Intent "
"27","Minnesota","2002","0.16","Unstable",,"Cause: Fire"
"27","Minnesota","2002","0.26","",,"Cause: Unknown Mechanism or Intent "
"27","Minnesota","2003","0.08","Unstable",,"Cause: Fire"
"27","Minnesota","2003","0.32","",,"Cause: Unknown Mechanism or Intent "
"27","Minnesota","2004","0.22","Unstable",,"Cause: Fire"
"27","Minnesota","2004","0.29","",,"Cause: Unknown Mechanism or Intent "
"27","Minnesota","2005","0.10","Unstable",,"Cause: Fire"
"27","Minnesota","2005","0.14","Unstable",,"Cause: Unknown Mechanism or Intent "
"27","Minnesota","2006","0.17","Unstable",,"Cause: Fire"
"27","Minnesota","2006","0.21","Unstable",,"Cause: Unknown Mechanism or Intent "
"27","Minnesota","2007","0.15","Unstable",,"Cause: Fire"
"27","Minnesota","2007","0.33","",,"Cause: Unknown Mechanism or Intent "
"27","Minnesota","2008","0.17","Unstable",,"Cause: Fire"
"27","Minnesota","2008","0.34","",,"Cause: Unknown Mechanism or Intent "
"27","Minnesota","2009","0.09","Unstable",,"Cause: Fire"
"27","Minnesota","2009","0.40","",,"Cause: Unknown Mechanism or Intent "
"27","Minnesota","2010","0.15","Unstable",,"Cause: Fire"
"27","Minnesota","2010","0.36","",,"Cause: Unknown Mechanism or Intent "
"27","Minnesota","2011","0.11","Unstable",,"Cause: Fire"
"27","Minnesota","2011","0.30","",,"Cause: Unknown Mechanism or Intent "
"27","Minnesota","2012","0.06","Unstable",,"Cause: Fire"
"27","Minnesota","2012","0.24","",,"Cause: Unknown Mechanism or Intent "
"27","Minnesota","2013","0.13","Unstable",,"Cause: Fire"
"27","Minnesota","2013","0.17","Unstable",,"Cause: Unknown Mechanism or Intent "
"27","Minnesota","2014","0.24","",,"Cause: Fire"
"27","Minnesota","2014","0.24","",,"Cause: Unknown Mechanism or Intent "
"27","Minnesota","2015","0.11","Unstable",,"Cause: Fire"
"27","Minnesota","2015","0.16","Unstable",,"Cause: Unknown Mechanism or Intent "
"27","Minnesota","2016","0.14","Unstable",,"Cause: Fire"
"27","Minnesota","2016","0.09","Unstable",,"Cause: Unknown Mechanism or Intent "
"27","Minnesota","2017","0.18","Unstable",,"Cause: Fire"
"27","Minnesota","2017","0.05","Unstable",,"Cause: Unknown Mechanism or Intent "
"27","Minnesota","2018","0.12","Unstable",,"Cause: Fire"
"27","Minnesota","2018","0.05","Unstable",,"Cause: Unknown Mechanism or Intent "
"27","Minnesota","2019","0.12","Unstable",,"Cause: Fire"
"27","Minnesota","2019","0.09","Unstable",,"Cause: Unknown Mechanism or Intent "
"27","Minnesota","2020","0.12","Unstable",,"Cause: Fire"
"27","Minnesota","2020","0.04","Unstable",,"Cause: Unknown Mechanism or Intent "
"27","Minnesota","2021","0.16","Unstable",,"Cause: Fire"
"27","Minnesota","2021","0.07","Unstable",,"Cause: Unknown Mechanism or Intent "
"29","Missouri","2000","0.18","Unstable",,"Cause: Fire"
"29","Missouri","2000","0.18","Unstable",,"Cause: Unknown Mechanism or Intent "
"29","Missouri","2001","0.02","Unstable",,"Cause: Fire"
"29","Missouri","2001","0.34","",,"Cause: Unknown Mechanism or Intent "
"29","Missouri","2002","0.14","Unstable",,"Cause: Fire"
"29","Missouri","2002","0.32","",,"Cause: Unknown Mechanism or Intent "
"29","Missouri","2003","0.05","Unstable",,"Cause: Fire"
"29","Missouri","2003","0.26","",,"Cause: Unknown Mechanism or Intent "
"29","Missouri","2004","0.07","Unstable",,"Cause: Fire"
"29","Missouri","2004","0.23","",,"Cause: Unknown Mechanism or Intent "
"29","Missouri","2005","0.17","Unstable",,"Cause: Fire"
"29","Missouri","2005","0.29","",,"Cause: Unknown Mechanism or Intent "
"29","Missouri","2006","0.22","",,"Cause: Fire"
"29","Missouri","2006","0.24","",,"Cause: Unknown Mechanism or Intent "
"29","Missouri","2007","0.20","",,"Cause: Fire"
"29","Missouri","2007","0.44","",,"Cause: Unknown Mechanism or Intent "
"29","Missouri","2008","0.24","",,"Cause: Fire"
"29","Missouri","2008","0.39","",,"Cause: Unknown Mechanism or Intent "
"29","Missouri","2009","0.07","Unstable",,"Cause: Fire"
"29","Missouri","2009","0.27","",,"Cause: Unknown Mechanism or Intent "
"29","Missouri","2010","0.15","Unstable",,"Cause: Fire"
"29","Missouri","2010","0.42","",,"Cause: Unknown Mechanism or Intent "
"29","Missouri","2011","0.23","",,"Cause: Fire"
"29","Missouri","2011","0.32","",,"Cause: Unknown Mechanism or Intent "
"29","Missouri","2012","0.30","",,"Cause: Fire"
"29","Missouri","2012","0.32","",,"Cause: Unknown Mechanism or Intent "
"29","Missouri","2013","0.18","Unstable",,"Cause: Fire"
"29","Missouri","2013","0.38","",,"Cause: Unknown Mechanism or Intent "
"29","Missouri","2014","0.17","Unstable",,"Cause: Fire"
"29","Missouri","2014","0.40","",,"Cause: Unknown Mechanism or Intent "
"29","Missouri","2015","0.30","",,"Cause: Fire"
"29","Missouri","2015","0.44","",,"Cause: Unknown Mechanism or Intent "
"29","Missouri","2016","0.03","Unstable",,"Cause: Fire"
"29","Missouri","2016","0.03","Unstable",,"Cause: Unknown Mechanism or Intent "
"29","Missouri","2017","0.20","",,"Cause: Fire"
"29","Missouri","2017","0.11","Unstable",,"Cause: Unknown Mechanism or Intent "
"29","Missouri","2018","0.15","Unstable",,"Cause: Fire"
"29","Missouri","2018","0.03","Unstable",,"Cause: Unknown Mechanism or Intent "
"29","Missouri","2019","0.21","",,"Cause: Fire"
"29","Missouri","2019","0.11","Unstable",,"Cause: Unknown Mechanism or Intent "
"29","Missouri","2020","0.23","",,"Cause: Fire"
"29","Missouri","2020","0.06","Unstable",,"Cause: Unknown Mechanism or Intent "
"29","Missouri","2021","0.26","",,"Cause: Fire"
"29","Missouri","2021","0.02","Unstable",,"Cause: Unknown Mechanism or Intent "
"31","Nebraska","2014","0.16","Unstable",,"Cause: Fire"
"31","Nebraska","2014","0.11","Unstable",,"Cause: Unknown Mechanism or Intent "
"31","Nebraska","2015","0.16","Unstable",,"Cause: Fire"
"31","Nebraska","2015","0.21","Unstable",,"Cause: Unknown Mechanism or Intent "
"31","Nebraska","2016","0.10","Unstable",,"Cause: Fire"
"31","Nebraska","2016","0.00","Unstable",,"Cause: Unknown Mechanism or Intent "
"31","Nebraska","2017","0.16","Unstable",,"Cause: Fire"
"31","Nebraska","2017","0.00","Unstable",,"Cause: Unknown Mechanism or Intent "
"31","Nebraska","2018","0.05","Unstable",,"Cause: Fire"
"31","Nebraska","2018","0.00","Unstable",,"Cause: Unknown Mechanism or Intent "
"31","Nebraska","2019","0.10","Unstable",,"Cause: Fire"
"31","Nebraska","2019","0.00","Unstable",,"Cause: Unknown Mechanism or Intent "
"31","Nebraska","2020","0.00","Unstable",,"Cause: Fire"
"31","Nebraska","2020","0.00","Unstable",,"Cause: Unknown Mechanism or Intent "
"31","Nebraska","2021","0.31","Unstable",,"Cause: Fire"
"31","Nebraska","2021","0.00","Unstable",,"Cause: Unknown Mechanism or Intent "
"33","New Hampshire","2000","0.16","Unstable",,"Cause: Fire"
"33","New Hampshire","2000","0.40","Unstable",,"Cause: Unknown Mechanism or Intent "
"33","New Hampshire","2001","0.00","Unstable",,"Cause: Fire"
"33","New Hampshire","2001","0.48","Unstable",,"Cause: Unknown Mechanism or Intent "
"33","New Hampshire","2002","0.00","Unstable",,"Cause: Fire"
"33","New Hampshire","2002","0.08","Unstable",,"Cause: Unknown Mechanism or Intent "
"33","New Hampshire","2003","0.00","Unstable",,"Cause: Fire"
"33","New Hampshire","2003","0.08","Unstable",,"Cause: Unknown Mechanism or Intent "
"33","New Hampshire","2004","0.08","Unstable",,"Cause: Fire"
"33","New Hampshire","2004","0.16","Unstable",,"Cause: Unknown Mechanism or Intent "
"33","New Hampshire","2005","0.23","Unstable",,"Cause: Fire"
"33","New Hampshire","2005","0.39","Unstable",,"Cause: Unknown Mechanism or Intent "
"33","New Hampshire","2006","0.15","Unstable",,"Cause: Fire"
"33","New Hampshire","2006","0.23","Unstable",,"Cause: Unknown Mechanism or Intent "
"33","New Hampshire","2007","0.08","Unstable",,"Cause: Fire"
"33","New Hampshire","2007","0.08","Unstable",,"Cause: Unknown Mechanism or Intent "
"33","New Hampshire","2008","0.08","Unstable",,"Cause: Fire"
"33","New Hampshire","2008","0.08","Unstable",,"Cause: Unknown Mechanism or Intent "
"33","New Hampshire","2009","0.15","Unstable",,"Cause: Fire"
"33","New Hampshire","2009","0.00","Unstable",,"Cause: Unknown Mechanism or Intent "
"33","New Hampshire","2010","0.08","Unstable",,"Cause: Fire"
"33","New Hampshire","2010","0.30","Unstable",,"Cause: Unknown Mechanism or Intent "
"33","New Hampshire","2011","0.15","Unstable",,"Cause: Fire"
"33","New Hampshire","2011","0.15","Unstable",,"Cause: Unknown Mechanism or Intent "
"33","New Hampshire","2012","0.30","Unstable",,"Cause: Fire"
"33","New Hampshire","2012","0.45","Unstable",,"Cause: Unknown Mechanism or Intent "
"33","New Hampshire","2013","0.15","Unstable",,"Cause: Fire"
"33","New Hampshire","2013","0.53","Unstable",,"Cause: Unknown Mechanism or Intent "
"33","New Hampshire","2014","0.00","Unstable",,"Cause: Fire"
"33","New Hampshire","2014","0.22","Unstable",,"Cause: Unknown Mechanism or Intent "
"33","New Hampshire","2015","0.07","Unstable",,"Cause: Fire"
"33","New Hampshire","2015","0.22","Unstable",,"Cause: Unknown Mechanism or Intent "
"33","New Hampshire","2016","0.00","Unstable",,"Cause: Fire"
"33","New Hampshire","2016","0.15","Unstable",,"Cause: Unknown Mechanism or Intent "
"33","New Hampshire","2017","0.00","Unstable",,"Cause: Fire"
"33","New Hampshire","2017","0.22","Unstable",,"Cause: Unknown Mechanism or Intent "
"33","New Hampshire","2018","0.00","Unstable",,"Cause: Fire"
"33","New Hampshire","2018","0.07","Unstable",,"Cause: Unknown Mechanism or Intent "
"33","New Hampshire","2019","0.00","Unstable",,"Cause: Fire"
"33","New Hampshire","2019","0.15","Unstable",,"Cause: Unknown Mechanism or Intent "
"33","New Hampshire","2020","0.00","Unstable",,"Cause: Fire"
"33","New Hampshire","2020","0.00","Unstable",,"Cause: Unknown Mechanism or Intent "
"33","New Hampshire","2021","0.00","Unstable",,"Cause: Fire"
"33","New Hampshire","2021","0.07","Unstable",,"Cause: Unknown Mechanism or Intent "
"34","New Jersey","2000","0.06","Unstable",,"Cause: Fire"
"34","New Jersey","2000","0.12","Unstable",,"Cause: Unknown Mechanism or Intent "
"34","New Jersey","2001","0.11","Unstable",,"Cause: Fire"
"34","New Jersey","2001","0.09","Unstable",,"Cause: Unknown Mechanism or Intent "
"34","New Jersey","2002","0.09","Unstable",,"Cause: Fire"
"34","New Jersey","2002","0.12","Unstable",,"Cause: Unknown Mechanism or Intent "
"34","New Jersey","2003","0.08","Unstable",,"Cause: Fire"
"34","New Jersey","2003","0.17","",,"Cause: Unknown Mechanism or Intent "
"34","New Jersey","2004","0.10","Unstable",,"Cause: Fire"
"34","New Jersey","2004","0.19","",,"Cause: Unknown Mechanism or Intent "
"34","New Jersey","2005","0.07","Unstable",,"Cause: Fire"
"34","New Jersey","2005","0.22","",,"Cause: Unknown Mechanism or Intent "
"34","New Jersey","2006","0.05","Unstable",,"Cause: Fire"
"34","New Jersey","2006","0.21","",,"Cause: Unknown Mechanism or Intent "
"34","New Jersey","2007","0.12","Unstable",,"Cause: Fire"
"34","New Jersey","2007","0.13","Unstable",,"Cause: Unknown Mechanism or Intent "
"34","New Jersey","2008","0.08","Unstable",,"Cause: Fire"
"34","New Jersey","2008","0.05","Unstable",,"Cause: Unknown Mechanism or Intent "
"34","New Jersey","2009","0.02","Unstable",,"Cause: Fire"
"34","New Jersey","2009","0.17","",,"Cause: Unknown Mechanism or Intent "
"34","New Jersey","2010","0.13","Unstable",,"Cause: Fire"
"34","New Jersey","2010","0.13","Unstable",,"Cause: Unknown Mechanism or Intent "
"34","New Jersey","2011","0.03","Unstable",,"Cause: Fire"
"34","New Jersey","2011","0.20","",,"Cause: Unknown Mechanism or Intent "
"34","New Jersey","2012","0.08","Unstable",,"Cause: Fire"
"34","New Jersey","2012","0.26","",,"Cause: Unknown Mechanism or Intent "
"34","New Jersey","2013","0.10","Unstable",,"Cause: Fire"
"34","New Jersey","2013","0.12","Unstable",,"Cause: Unknown Mechanism or Intent "
"34","New Jersey","2014","0.17","",,"Cause: Fire"
"34","New Jersey","2014","0.14","",,"Cause: Unknown Mechanism or Intent "
"34","New Jersey","2015","0.03","Unstable",,"Cause: Fire"
"34","New Jersey","2015","0.19","",,"Cause: Unknown Mechanism or Intent "
"34","New Jersey","2016","0.02","Unstable",,"Cause: Fire"
"34","New Jersey","2016","0.03","Unstable",,"Cause: Unknown Mechanism or Intent "
"34","New Jersey","2017","0.02","Unstable",,"Cause: Fire"
"34","New Jersey","2017","0.00","Unstable",,"Cause: Unknown Mechanism or Intent "
"34","New Jersey","2018","0.04","Unstable",,"Cause: Fire"
"34","New Jersey","2018","0.01","Unstable",,"Cause: Unknown Mechanism or Intent "
"34","New Jersey","2019","0.04","Unstable",,"Cause: Fire"
"34","New Jersey","2019","0.01","Unstable",,"Cause: Unknown Mechanism or Intent "
"34","New Jersey","2020","0.11","Unstable",,"Cause: Fire"
"34","New Jersey","2020","0.01","Unstable",,"Cause: Unknown Mechanism or Intent "
"34","New Jersey","2021","0.09","Unstable",,"Cause: Fire"
"34","New Jersey","2021","0.00","Unstable",,"Cause: Unknown Mechanism or Intent "
"34","New Jersey","2022","0.02","Unstable",,"Cause: Fire"
"34","New Jersey","2022","0.00","Unstable",,"Cause: Unknown Mechanism or Intent "
"35","New Mexico","2000","0.00","Unstable",,"Cause: Fire"
"35","New Mexico","2000","0.38","Unstable",,"Cause: Unknown Mechanism or Intent "
"35","New Mexico","2001","0.11","Unstable",,"Cause: Fire"
"35","New Mexico","2001","0.22","Unstable",,"Cause: Unknown Mechanism or Intent "
"35","New Mexico","2002","0.11","Unstable",,"Cause: Fire"
"35","New Mexico","2002","0.49","Unstable",,"Cause: Unknown Mechanism or Intent "
"35","New Mexico","2003","0.05","Unstable",,"Cause: Fire"
"35","New Mexico","2003","0.32","Unstable",,"Cause: Unknown Mechanism or Intent "
"35","New Mexico","2004","0.00","Unstable",,"Cause: Fire"
"35","New Mexico","2004","0.42","Unstable",,"Cause: Unknown Mechanism or Intent "
"35","New Mexico","2005","0.00","Unstable",,"Cause: Fire"
"35","New Mexico","2005","0.47","Unstable",,"Cause: Unknown Mechanism or Intent "
"35","New Mexico","2006","0.05","Unstable",,"Cause: Fire"
"35","New Mexico","2006","0.41","Unstable",,"Cause: Unknown Mechanism or Intent "
"35","New Mexico","2007","0.05","Unstable",,"Cause: Fire"
"35","New Mexico","2007","0.50","Unstable",,"Cause: Unknown Mechanism or Intent "
"35","New Mexico","2008","0.05","Unstable",,"Cause: Fire"
"35","New Mexico","2008","0.20","Unstable",,"Cause: Unknown Mechanism or Intent "
"35","New Mexico","2009","0.15","Unstable",,"Cause: Fire"
"35","New Mexico","2009","0.39","Unstable",,"Cause: Unknown Mechanism or Intent "
"35","New Mexico","2010","0.05","Unstable",,"Cause: Fire"
"35","New Mexico","2010","0.39","Unstable",,"Cause: Unknown Mechanism or Intent "
"35","New Mexico","2011","0.10","Unstable",,"Cause: Fire"
"35","New Mexico","2011","0.77","",,"Cause: Unknown Mechanism or Intent "
"35","New Mexico","2012","0.19","Unstable",,"Cause: Fire"
"35","New Mexico","2012","0.24","Unstable",,"Cause: Unknown Mechanism or Intent "
"35","New Mexico","2013","0.05","Unstable",,"Cause: Fire"
"35","New Mexico","2013","0.62","",,"Cause: Unknown Mechanism or Intent "
"35","New Mexico","2014","0.00","Unstable",,"Cause: Fire"
"35","New Mexico","2014","0.53","Unstable",,"Cause: Unknown Mechanism or Intent "
"35","New Mexico","2015","0.05","Unstable",,"Cause: Fire"
"35","New Mexico","2015","0.10","Unstable",,"Cause: Unknown Mechanism or Intent "
"35","New Mexico","2016","0.00","Unstable",,"Cause: Fire"
"35","New Mexico","2016","0.19","Unstable",,"Cause: Unknown Mechanism or Intent "
"35","New Mexico","2017","0.00","Unstable",,"Cause: Fire"
"35","New Mexico","2017","0.10","Unstable",,"Cause: Unknown Mechanism or Intent "
"35","New Mexico","2018","0.00","Unstable",,"Cause: Fire"
"35","New Mexico","2018","0.14","Unstable",,"Cause: Unknown Mechanism or Intent "
"35","New Mexico","2019","0.00","Unstable",,"Cause: Fire"
"35","New Mexico","2019","0.19","Unstable",,"Cause: Unknown Mechanism or Intent "
"35","New Mexico","2020","0.00","Unstable",,"Cause: Fire"
"35","New Mexico","2020","0.05","Unstable",,"Cause: Unknown Mechanism or Intent "
"35","New Mexico","2021","0.00","Unstable",,"Cause: Fire"
"35","New Mexico","2021","0.24","Unstable",,"Cause: Unknown Mechanism or Intent "
"35","New Mexico","2022","0.00","Unstable",,"Cause: Fire"
"35","New Mexico","2022","0.05","Unstable",,"Cause: Unknown Mechanism or Intent "
"36","New York","2000","0.34","",,"Cause: Fire"
"36","New York","2000","0.13","",,"Cause: Unknown Mechanism or Intent "
"36","New York","2001","0.38","",,"Cause: Fire"
"36","New York","2001","0.07","",,"Cause: Unknown Mechanism or Intent "
"36","New York","2002","0.36","",,"Cause: Fire"
"36","New York","2002","0.14","",,"Cause: Unknown Mechanism or Intent "
"36","New York","2003","0.35","",,"Cause: Fire"
"36","New York","2003","0.15","",,"Cause: Unknown Mechanism or Intent "
"36","New York","2004","0.40","",,"Cause: Fire"
"36","New York","2004","0.18","",,"Cause: Unknown Mechanism or Intent "
"36","New York","2005","0.37","",,"Cause: Fire"
"36","New York","2005","0.21","",,"Cause: Unknown Mechanism or Intent "
"36","New York","2006","0.35","",,"Cause: Fire"
"36","New York","2006","0.06","Unstable",,"Cause: Unknown Mechanism or Intent "
"36","New York","2007","0.38","",,"Cause: Fire"
"36","New York","2007","0.13","",,"Cause: Unknown Mechanism or Intent "
"36","New York","2008","0.23","",,"Cause: Fire"
"36","New York","2008","0.15","",,"Cause: Unknown Mechanism or Intent "
"36","New York","2009","0.30","",,"Cause: Fire"
"36","New York","2009","0.15","",,"Cause: Unknown Mechanism or Intent "
"36","New York","2010","0.29","",,"Cause: Fire"
"36","New York","2010","0.21","",,"Cause: Unknown Mechanism or Intent "
"36","New York","2011","0.34","",,"Cause: Fire"
"36","New York","2011","0.15","",,"Cause: Unknown Mechanism or Intent "
"36","New York","2012","0.32","",,"Cause: Fire"
"36","New York","2012","0.19","",,"Cause: Unknown Mechanism or Intent "
"36","New York","2013","0.26","",,"Cause: Fire"
"36","New York","2013","0.22","",,"Cause: Unknown Mechanism or Intent "
"36","New York","2014","0.31","",,"Cause: Fire"
"36","New York","2014","0.19","",,"Cause: Unknown Mechanism or Intent "
"36","New York","2015","0.21","",,"Cause: Fire"
"36","New York","2015","0.12","",,"Cause: Unknown Mechanism or Intent "
"36","New York","2016","0.17","",,"Cause: Fire"
"36","New York","2016","0.05","Unstable",,"Cause: Unknown Mechanism or Intent "
"36","New York","2017","0.20","",,"Cause: Fire"
"36","New York","2017","0.04","Unstable",,"Cause: Unknown Mechanism or Intent "
"36","New York","2018","0.20","",,"Cause: Fire"
"36","New York","2018","0.04","Unstable",,"Cause: Unknown Mechanism or Intent "
"36","New York","2019","0.12","",,"Cause: Fire"
"36","New York","2019","0.02","Unstable",,"Cause: Unknown Mechanism or Intent "
"36","New York","2020","0.20","",,"Cause: Fire"
"36","New York","2020","0.02","Unstable",,"Cause: Unknown Mechanism or Intent "
"36","New York","2021","0.24","",,"Cause: Fire"
"36","New York","2021","0.03","Unstable",,"Cause: Unknown Mechanism or Intent "
"36","New York","2022","0.29","",,"Cause: Fire"
"36","New York","2022","0.01","Unstable",,"Cause: Unknown Mechanism or Intent "
"37","North Carolina","2000","0.09","Unstable",,"Cause: Fire"
"37","North Carolina","2000","0.19","",,"Cause: Unknown Mechanism or Intent "
"37","North Carolina","2001","0.06","Unstable",,"Cause: Fire"
"37","North Carolina","2001","0.21","",,"Cause: Unknown Mechanism or Intent "
"37","North Carolina","2002","0.02","Unstable",,"Cause: Fire"
"37","North Carolina","2002","0.23","",,"Cause: Unknown Mechanism or Intent "
"37","North Carolina","2003","0.07","Unstable",,"Cause: Fire"
"37","North Carolina","2003","0.21","",,"Cause: Unknown Mechanism or Intent "
"37","North Carolina","2004","0.09","Unstable",,"Cause: Fire"
"37","North Carolina","2004","0.15","",,"Cause: Unknown Mechanism or Intent "
"37","North Carolina","2005","0.13","Unstable",,"Cause: Fire"
"37","North Carolina","2005","0.14","",,"Cause: Unknown Mechanism or Intent "
"37","North Carolina","2006","0.08","Unstable",,"Cause: Fire"
"37","North Carolina","2006","0.10","Unstable",,"Cause: Unknown Mechanism or Intent "
"37","North Carolina","2007","0.13","",,"Cause: Fire"
"37","North Carolina","2007","0.13","",,"Cause: Unknown Mechanism or Intent "
"37","North Carolina","2008","0.11","Unstable",,"Cause: Fire"
"37","North Carolina","2008","0.13","",,"Cause: Unknown Mechanism or Intent "
"37","North Carolina","2009","0.04","Unstable",,"Cause: Fire"
"37","North Carolina","2009","0.13","",,"Cause: Unknown Mechanism or Intent "
"37","North Carolina","2010","0.06","Unstable",,"Cause: Fire"
"37","North Carolina","2010","0.22","",,"Cause: Unknown Mechanism or Intent "
"37","North Carolina","2016","0.05","Unstable",,"Cause: Fire"
"37","North Carolina","2016","0.14","",,"Cause: Unknown Mechanism or Intent "
"37","North Carolina","2017","0.03","Unstable",,"Cause: Fire"
"37","North Carolina","2017","0.10","Unstable",,"Cause: Unknown Mechanism or Intent "
"37","North Carolina","2018","0.03","Unstable",,"Cause: Fire"
"37","North Carolina","2018","0.10","Unstable",,"Cause: Unknown Mechanism or Intent "
"37","North Carolina","2019","0.06","Unstable",,"Cause: Fire"
"37","North Carolina","2019","0.10","Unstable",,"Cause: Unknown Mechanism or Intent "
"37","North Carolina","2020","0.08","Unstable",,"Cause: Fire"
"37","North Carolina","2020","0.13","",,"Cause: Unknown Mechanism or Intent "
"37","North Carolina","2021","0.08","Unstable",,"Cause: Fire"
"37","North Carolina","2021","0.06","Unstable",,"Cause: Unknown Mechanism or Intent "
"37","North Carolina","2022","0.08","Unstable",,"Cause: Fire"
"37","North Carolina","2022","0.06","Unstable",,"Cause: Unknown Mechanism or Intent "
"41","Oregon","2000","0.12","Unstable",,"Cause: Fire"
"41","Oregon","2000","0.00","Unstable",,"Cause: Unknown Mechanism or Intent "
"41","Oregon","2001","0.00","Unstable",,"Cause: Fire"
"41","Oregon","2001","0.06","Unstable",,"Cause: Unknown Mechanism or Intent "
"41","Oregon","2002","0.09","Unstable",,"Cause: Fire"
"41","Oregon","2002","0.09","Unstable",,"Cause: Unknown Mechanism or Intent "
"41","Oregon","2003","0.06","Unstable",,"Cause: Fire"
"41","Oregon","2003","0.06","Unstable",,"Cause: Unknown Mechanism or Intent "
"41","Oregon","2004","0.14","Unstable",,"Cause: Fire"
"41","Oregon","2004","0.17","Unstable",,"Cause: Unknown Mechanism or Intent "
"41","Oregon","2005","0.14","Unstable",,"Cause: Fire"
"41","Oregon","2005","0.14","Unstable",,"Cause: Unknown Mechanism or Intent "
"41","Oregon","2006","0.05","Unstable",,"Cause: Fire"
"41","Oregon","2006","0.11","Unstable",,"Cause: Unknown Mechanism or Intent "
"41","Oregon","2007","0.03","Unstable",,"Cause: Fire"
"41","Oregon","2007","0.16","Unstable",,"Cause: Unknown Mechanism or Intent "
"41","Oregon","2008","0.08","Unstable",,"Cause: Fire"
"41","Oregon","2008","0.11","Unstable",,"Cause: Unknown Mechanism or Intent "
"41","Oregon","2009","0.08","Unstable",,"Cause: Fire"
"41","Oregon","2009","0.03","Unstable",,"Cause: Unknown Mechanism or Intent "
"41","Oregon","2010","0.13","Unstable",,"Cause: Fire"
"41","Oregon","2010","0.03","Unstable",,"Cause: Unknown Mechanism or Intent "
"41","Oregon","2011","0.08","Unstable",,"Cause: Fire"
"41","Oregon","2011","0.05","Unstable",,"Cause: Unknown Mechanism or Intent "
"41","Oregon","2012","0.10","Unstable",,"Cause: Fire"
"41","Oregon","2012","0.00","Unstable",,"Cause: Unknown Mechanism or Intent "
"41","Oregon","2013","0.05","Unstable",,"Cause: Fire"
"41","Oregon","2013","0.05","Unstable",,"Cause: Unknown Mechanism or Intent "
"41","Oregon","2014","0.10","Unstable",,"Cause: Fire"
"41","Oregon","2014","0.03","Unstable",,"Cause: Unknown Mechanism or Intent "
"41","Oregon","2015","0.02","Unstable",,"Cause: Fire"
"41","Oregon","2015","0.00","Unstable",,"Cause: Unknown Mechanism or Intent "
"41","Oregon","2016","0.02","Unstable",,"Cause: Fire"
"41","Oregon","2016","0.02","Unstable",,"Cause: Unknown Mechanism or Intent "
"41","Oregon","2017","0.02","Unstable",,"Cause: Fire"
"41","Oregon","2017","0.00","Unstable",,"Cause: Unknown Mechanism or Intent "
"41","Oregon","2018","0.00","Unstable",,"Cause: Fire"
"41","Oregon","2018","0.00","Unstable",,"Cause: Unknown Mechanism or Intent "
"41","Oregon","2019","0.00","Unstable",,"Cause: Fire"
"41","Oregon","2019","0.00","Unstable",,"Cause: Unknown Mechanism or Intent "
"41","Oregon","2020","0.00","Unstable",,"Cause: Fire"
"41","Oregon","2020","0.00","Unstable",,"Cause: Unknown Mechanism or Intent "
"41","Oregon","2021","0.05","Unstable",,"Cause: Fire"
"41","Oregon","2021","0.02","Unstable",,"Cause: Unknown Mechanism or Intent "
"41","Oregon","2022","0.02","Unstable",,"Cause: Fire"
"41","Oregon","2022","0.00","Unstable",,"Cause: Unknown Mechanism or Intent "
"42","Pennsylvania","2000","0.15","",,"Cause: Fire"
"42","Pennsylvania","2000","0.21","",,"Cause: Unknown Mechanism or Intent "
"42","Pennsylvania","2001","0.13","",,"Cause: Fire"
"42","Pennsylvania","2001","0.17","",,"Cause: Unknown Mechanism or Intent "
"42","Pennsylvania","2002","0.09","Unstable",,"Cause: Fire"
"42","Pennsylvania","2002","0.14","",,"Cause: Unknown Mechanism or Intent "
"42","Pennsylvania","2003","0.11","",,"Cause: Fire"
"42","Pennsylvania","2003","0.12","",,"Cause: Unknown Mechanism or Intent "
"42","Pennsylvania","2004","0.10","",,"Cause: Fire"
"42","Pennsylvania","2004","0.14","",,"Cause: Unknown Mechanism or Intent "
"42","Pennsylvania","2005","0.14","",,"Cause: Fire"
"42","Pennsylvania","2005","0.27","",,"Cause: Unknown Mechanism or Intent "
"42","Pennsylvania","2006","0.23","",,"Cause: Fire"
"42","Pennsylvania","2006","0.23","",,"Cause: Unknown Mechanism or Intent "
"42","Pennsylvania","2007","0.17","",,"Cause: Fire"
"42","Pennsylvania","2007","0.24","",,"Cause: Unknown Mechanism or Intent "
"42","Pennsylvania","2008","0.17","",,"Cause: Fire"
"42","Pennsylvania","2008","0.19","",,"Cause: Unknown Mechanism or Intent "
"42","Pennsylvania","2009","0.17","",,"Cause: Fire"
"42","Pennsylvania","2009","0.18","",,"Cause: Unknown Mechanism or Intent "
"42","Pennsylvania","2010","0.23","",,"Cause: Fire"
"42","Pennsylvania","2010","0.14","",,"Cause: Unknown Mechanism or Intent "
"42","Pennsylvania","2011","0.24","",,"Cause: Fire"
"42","Pennsylvania","2011","0.18","",,"Cause: Unknown Mechanism or Intent "
"42","Pennsylvania","2012","0.16","",,"Cause: Fire"
"42","Pennsylvania","2012","0.21","",,"Cause: Unknown Mechanism or Intent "
"42","Pennsylvania","2013","0.15","",,"Cause: Fire"
"42","Pennsylvania","2013","0.18","",,"Cause: Unknown Mechanism or Intent "
"42","Pennsylvania","2014","0.16","",,"Cause: Fire"
"42","Pennsylvania","2014","0.24","",,"Cause: Unknown Mechanism or Intent "
"42","Pennsylvania","2015","0.11","",,"Cause: Fire"
"42","Pennsylvania","2015","0.44","",,"Cause: Unknown Mechanism or Intent "
"42","Pennsylvania","2016","0.02","Unstable",,"Cause: Fire"
"42","Pennsylvania","2016","0.22","",,"Cause: Unknown Mechanism or Intent "
"42","Pennsylvania","2017","0.03","Unstable",,"Cause: Fire"
"42","Pennsylvania","2017","0.12","",,"Cause: Unknown Mechanism or Intent "
"42","Pennsylvania","2018","0.02","Unstable",,"Cause: Fire"
"42","Pennsylvania","2018","0.11","",,"Cause: Unknown Mechanism or Intent "
"42","Pennsylvania","2019","0.00","Unstable",,"Cause: Fire"
"42","Pennsylvania","2019","0.08","Unstable",,"Cause: Unknown Mechanism or Intent "
"42","Pennsylvania","2020","0.02","Unstable",,"Cause: Fire"
"42","Pennsylvania","2020","0.09","",,"Cause: Unknown Mechanism or Intent "
"42","Pennsylvania","2021","0.00","Unstable",,"Cause: Fire"
"42","Pennsylvania","2021","0.10","",,"Cause: Unknown Mechanism or Intent "
"44","Rhode Island","2005","0.28","Unstable",,"Cause: Fire"
"44","Rhode Island","2005","0.09","Unstable",,"Cause: Unknown Mechanism or Intent "
"44","Rhode Island","2006","0.19","Unstable",,"Cause: Fire"
"44","Rhode Island","2006","0.09","Unstable",,"Cause: Unknown Mechanism or Intent "
"44","Rhode Island","2007","0.19","Unstable",,"Cause: Fire"
"44","Rhode Island","2007","0.38","Unstable",,"Cause: Unknown Mechanism or Intent "
"44","Rhode Island","2008","0.00","Unstable",,"Cause: Fire"
"44","Rhode Island","2008","0.28","Unstable",,"Cause: Unknown Mechanism or Intent "
"44","Rhode Island","2009","0.00","Unstable",,"Cause: Fire"
"44","Rhode Island","2009","0.38","Unstable",,"Cause: Unknown Mechanism or Intent "
"44","Rhode Island","2010","0.19","Unstable",,"Cause: Fire"
"44","Rhode Island","2010","0.66","Unstable",,"Cause: Unknown Mechanism or Intent "
"44","Rhode Island","2011","0.19","Unstable",,"Cause: Fire"
"44","Rhode Island","2011","0.38","Unstable",,"Cause: Unknown Mechanism or Intent "
"44","Rhode Island","2012","0.19","Unstable",,"Cause: Fire"
"44","Rhode Island","2012","0.28","Unstable",,"Cause: Unknown Mechanism or Intent "
"44","Rhode Island","2013","0.09","Unstable",,"Cause: Fire"
"44","Rhode Island","2013","0.19","Unstable",,"Cause: Unknown Mechanism or Intent "
"44","Rhode Island","2014","0.09","Unstable",,"Cause: Fire"
"44","Rhode Island","2014","0.28","Unstable",,"Cause: Unknown Mechanism or Intent "
"44","Rhode Island","2015","0.00","Unstable",,"Cause: Fire"
"44","Rhode Island","2015","0.47","Unstable",,"Cause: Unknown Mechanism or Intent "
"44","Rhode Island","2016","0.00","Unstable",,"Cause: Fire"
"44","Rhode Island","2016","0.09","Unstable",,"Cause: Unknown Mechanism or Intent "
"44","Rhode Island","2017","0.00","Unstable",,"Cause: Fire"
"44","Rhode Island","2017","0.00","Unstable",,"Cause: Unknown Mechanism or Intent "
"44","Rhode Island","2018","0.09","Unstable",,"Cause: Fire"
"44","Rhode Island","2018","0.00","Unstable",,"Cause: Unknown Mechanism or Intent "
"44","Rhode Island","2019","0.09","Unstable",,"Cause: Fire"
"44","Rhode Island","2019","0.09","Unstable",,"Cause: Unknown Mechanism or Intent "
"44","Rhode Island","2020","0.00","Unstable",,"Cause: Fire"
"44","Rhode Island","2020","0.00","Unstable",,"Cause: Unknown Mechanism or Intent "
"44","Rhode Island","2021","0.00","Unstable",,"Cause: Fire"
"44","Rhode Island","2021","0.00","Unstable",,"Cause: Unknown Mechanism or Intent "
"44","Rhode Island","2022","0.00","Unstable",,"Cause: Fire"
"44","Rhode Island","2022","0.00","Unstable",,"Cause: Unknown Mechanism or Intent "
"45","South Carolina","2000","0.05","Unstable",,"Cause: Fire"
"45","South Carolina","2000","0.32","",,"Cause: Unknown Mechanism or Intent "
"45","South Carolina","2001","0.07","Unstable",,"Cause: Fire"
"45","South Carolina","2001","0.20","Unstable",,"Cause: Unknown Mechanism or Intent "
"45","South Carolina","2002","0.05","Unstable",,"Cause: Fire"
"45","South Carolina","2002","0.07","Unstable",,"Cause: Unknown Mechanism or Intent "
"45","South Carolina","2003","0.10","Unstable",,"Cause: Fire"
"45","South Carolina","2003","0.10","Unstable",,"Cause: Unknown Mechanism or Intent "
"45","South Carolina","2004","0.02","Unstable",,"Cause: Fire"
"45","South Carolina","2004","0.17","Unstable",,"Cause: Unknown Mechanism or Intent "
"45","South Carolina","2005","0.09","Unstable",,"Cause: Fire"
"45","South Carolina","2005","0.19","Unstable",,"Cause: Unknown Mechanism or Intent "
"45","South Carolina","2006","0.16","Unstable",,"Cause: Fire"
"45","South Carolina","2006","0.09","Unstable",,"Cause: Unknown Mechanism or Intent "
"45","South Carolina","2007","0.20","Unstable",,"Cause: Fire"
"45","South Carolina","2007","0.09","Unstable",,"Cause: Unknown Mechanism or Intent "
"45","South Carolina","2008","0.15","Unstable",,"Cause: Fire"
"45","South Carolina","2008","0.13","Unstable",,"Cause: Unknown Mechanism or Intent "
"45","South Carolina","2009","0.09","Unstable",,"Cause: Fire"
"45","South Carolina","2009","0.00","Unstable",,"Cause: Unknown Mechanism or Intent "
"45","South Carolina","2010","0.11","Unstable",,"Cause: Fire"
"45","South Carolina","2010","0.09","Unstable",,"Cause: Unknown Mechanism or Intent "
"45","South Carolina","2011","0.09","Unstable",,"Cause: Fire"
"45","South Carolina","2011","0.11","Unstable",,"Cause: Unknown Mechanism or Intent "
"45","South Carolina","2012","0.13","Unstable",,"Cause: Fire"
"45","South Carolina","2012","0.15","Unstable",,"Cause: Unknown Mechanism or Intent "
"45","South Carolina","2013","0.06","Unstable",,"Cause: Fire"
"45","South Carolina","2013","0.06","Unstable",,"Cause: Unknown Mechanism or Intent "
"45","South Carolina","2014","0.21","Unstable",,"Cause: Fire"
"45","South Carolina","2014","0.08","Unstable",,"Cause: Unknown Mechanism or Intent "
"45","South Carolina","2016","0.06","Unstable",,"Cause: Fire"
"45","South Carolina","2016","0.00","Unstable",,"Cause: Unknown Mechanism or Intent "
"45","South Carolina","2017","0.12","Unstable",,"Cause: Fire"
"45","South Carolina","2017","0.00","Unstable",,"Cause: Unknown Mechanism or Intent "
"45","South Carolina","2018","0.18","Unstable",,"Cause: Fire"
"45","South Carolina","2018","0.00","Unstable",,"Cause: Unknown Mechanism or Intent "
"45","South Carolina","2019","0.06","Unstable",,"Cause: Fire"
"45","South Carolina","2019","0.00","Unstable",,"Cause: Unknown Mechanism or Intent "
"45","South Carolina","2020","0.06","Unstable",,"Cause: Fire"
"45","South Carolina","2020","0.00","Unstable",,"Cause: Unknown Mechanism or Intent "
"45","South Carolina","2021","0.02","Unstable",,"Cause: Fire"
"45","South Carolina","2021","0.00","Unstable",,"Cause: Unknown Mechanism or Intent "
"45","South Carolina","2022","0.04","Unstable",,"Cause: Fire"
"45","South Carolina","2022","0.00","Unstable",,"Cause: Unknown Mechanism or Intent "
"47","Tennessee","2000","0.09","Unstable",,"Cause: Fire"
"47","Tennessee","2000","0.23","",,"Cause: Unknown Mechanism or Intent "
"47","Tennessee","2001","0.03","Unstable",,"Cause: Fire"
"47","Tennessee","2001","0.09","Unstable",,"Cause: Unknown Mechanism or Intent "
"47","Tennessee","2002","0.14","Unstable",,"Cause: Fire"
"47","Tennessee","2002","0.07","Unstable",,"Cause: Unknown Mechanism or Intent "
"47","Tennessee","2003","0.24","",,"Cause: Fire"
"47","Tennessee","2003","0.14","Unstable",,"Cause: Unknown Mechanism or Intent "
"47","Tennessee","2004","0.14","Unstable",,"Cause: Fire"
"47","Tennessee","2004","0.15","Unstable",,"Cause: Unknown Mechanism or Intent "
"47","Tennessee","2005","0.08","Unstable",,"Cause: Fire"
"47","Tennessee","2005","0.10","Unstable",,"Cause: Unknown Mechanism or Intent "
"47","Tennessee","2006","0.23","",,"Cause: Fire"
"47","Tennessee","2006","0.16","Unstable",,"Cause: Unknown Mechanism or Intent "
"47","Tennessee","2007","0.13","Unstable",,"Cause: Fire"
"47","Tennessee","2007","0.10","Unstable",,"Cause: Unknown Mechanism or Intent "
"47","Tennessee","2008","0.29","",,"Cause: Fire"
"47","Tennessee","2008","0.11","Unstable",,"Cause: Unknown Mechanism or Intent "
"47","Tennessee","2009","0.13","Unstable",,"Cause: Fire"
"47","Tennessee","2009","0.08","Unstable",,"Cause: Unknown Mechanism or Intent "
"47","Tennessee","2010","0.14","Unstable",,"Cause: Fire"
"47","Tennessee","2010","0.08","Unstable",,"Cause: Unknown Mechanism or Intent "
"47","Tennessee","2011","0.20","",,"Cause: Fire"
"47","Tennessee","2011","0.09","Unstable",,"Cause: Unknown Mechanism or Intent "
"47","Tennessee","2012","0.06","Unstable",,"Cause: Fire"
"47","Tennessee","2012","0.22","",,"Cause: Unknown Mechanism or Intent "
"47","Tennessee","2013","0.12","Unstable",,"Cause: Fire"
"47","Tennessee","2013","0.29","",,"Cause: Unknown Mechanism or Intent "
"47","Tennessee","2014","0.03","Unstable",,"Cause: Fire"
"47","Tennessee","2014","0.17","Unstable",,"Cause: Unknown Mechanism or Intent "
"47","Tennessee","2015","0.14","Unstable",,"Cause: Fire"
"47","Tennessee","2015","0.12","Unstable",,"Cause: Unknown Mechanism or Intent "
"47","Tennessee","2016","0.18","",,"Cause: Fire"
"47","Tennessee","2016","0.02","Unstable",,"Cause: Unknown Mechanism or Intent "
"47","Tennessee","2017","0.10","Unstable",,"Cause: Fire"
"47","Tennessee","2017","0.01","Unstable",,"Cause: Unknown Mechanism or Intent "
"47","Tennessee","2018","0.07","Unstable",,"Cause: Fire"
"47","Tennessee","2018","0.03","Unstable",,"Cause: Unknown Mechanism or Intent "
"47","Tennessee","2019","0.15","Unstable",,"Cause: Fire"
"47","Tennessee","2019","0.00","Unstable",,"Cause: Unknown Mechanism or Intent "
"47","Tennessee","2020","0.14","Unstable",,"Cause: Fire"
"47","Tennessee","2020","0.00","Unstable",,"Cause: Unknown Mechanism or Intent "
"49","Utah","2000","0.04","Unstable",,"Cause: Fire"
"49","Utah","2000","0.22","Unstable",,"Cause: Unknown Mechanism or Intent "
"49","Utah","2001","0.09","Unstable",,"Cause: Fire"
"49","Utah","2001","0.09","Unstable",,"Cause: Unknown Mechanism or Intent "
"49","Utah","2002","0.00","Unstable",,"Cause: Fire"
"49","Utah","2002","0.26","Unstable",,"Cause: Unknown Mechanism or Intent "
"49","Utah","2003","0.08","Unstable",,"Cause: Fire"
"49","Utah","2003","0.30","Unstable",,"Cause: Unknown Mechanism or Intent "
"49","Utah","2004","0.04","Unstable",,"Cause: Fire"
"49","Utah","2004","0.46","Unstable",,"Cause: Unknown Mechanism or Intent "
"49","Utah","2005","0.04","Unstable",,"Cause: Fire"
"49","Utah","2005","0.16","Unstable",,"Cause: Unknown Mechanism or Intent "
"49","Utah","2006","0.00","Unstable",,"Cause: Fire"
"49","Utah","2006","0.28","Unstable",,"Cause: Unknown Mechanism or Intent "
"49","Utah","2007","0.04","Unstable",,"Cause: Fire"
"49","Utah","2007","0.08","Unstable",,"Cause: Unknown Mechanism or Intent "
"49","Utah","2008","0.08","Unstable",,"Cause: Fire"
"49","Utah","2008","0.30","Unstable",,"Cause: Unknown Mechanism or Intent "
"49","Utah","2009","0.04","Unstable",,"Cause: Fire"
"49","Utah","2009","0.18","Unstable",,"Cause: Unknown Mechanism or Intent "
"49","Utah","2010","0.04","Unstable",,"Cause: Fire"
"49","Utah","2010","0.18","Unstable",,"Cause: Unknown Mechanism or Intent "
"49","Utah","2011","0.04","Unstable",,"Cause: Fire"
"49","Utah","2011","0.21","Unstable",,"Cause: Unknown Mechanism or Intent "
"49","Utah","2012","0.04","Unstable",,"Cause: Fire"
"49","Utah","2012","0.32","Unstable",,"Cause: Unknown Mechanism or Intent "
"49","Utah","2013","0.07","Unstable",,"Cause: Fire"
"49","Utah","2013","0.14","Unstable",,"Cause: Unknown Mechanism or Intent "
"49","Utah","2014","0.00","Unstable",,"Cause: Fire"
"49","Utah","2014","0.20","Unstable",,"Cause: Unknown Mechanism or Intent "
"49","Utah","2015","0.00","Unstable",,"Cause: Fire"
"49","Utah","2015","0.20","Unstable",,"Cause: Unknown Mechanism or Intent "
"49","Utah","2016","0.03","Unstable",,"Cause: Fire"
"49","Utah","2016","0.03","Unstable",,"Cause: Unknown Mechanism or Intent "
"49","Utah","2017","0.00","Unstable",,"Cause: Fire"
"49","Utah","2017","0.00","Unstable",,"Cause: Unknown Mechanism or Intent "
"49","Utah","2018","0.00","Unstable",,"Cause: Fire"
"49","Utah","2018","0.00","Unstable",,"Cause: Unknown Mechanism or Intent "
"49","Utah","2019","0.00","Unstable",,"Cause: Fire"
"49","Utah","2019","0.00","Unstable",,"Cause: Unknown Mechanism or Intent "
"49","Utah","2020","0.00","Unstable",,"Cause: Fire"
"49","Utah","2020","0.00","Unstable",,"Cause: Unknown Mechanism or Intent "
"49","Utah","2021","0.00","Unstable",,"Cause: Fire"
"49","Utah","2021","0.00","Unstable",,"Cause: Unknown Mechanism or Intent "
"49","Utah","2022","0.06","Unstable",,"Cause: Fire"
"49","Utah","2022","0.00","Unstable",,"Cause: Unknown Mechanism or Intent "
"50","Vermont","2001","0.16","Unstable",,"Cause: Fire"
"50","Vermont","2001","0.00","Unstable",,"Cause: Unknown Mechanism or Intent "
"50","Vermont","2002","0.00","Unstable",,"Cause: Fire"
"50","Vermont","2002","0.32","Unstable",,"Cause: Unknown Mechanism or Intent "
"50","Vermont","2003","0.16","Unstable",,"Cause: Fire"
"50","Vermont","2003","0.00","Unstable",,"Cause: Unknown Mechanism or Intent "
"50","Vermont","2004","0.00","Unstable",,"Cause: Fire"
"50","Vermont","2004","0.16","Unstable",,"Cause: Unknown Mechanism or Intent "
"50","Vermont","2005","0.16","Unstable",,"Cause: Fire"
"50","Vermont","2005","0.00","Unstable",,"Cause: Unknown Mechanism or Intent "
"50","Vermont","2006","0.00","Unstable",,"Cause: Fire"
"50","Vermont","2006","0.00","Unstable",,"Cause: Unknown Mechanism or Intent "
"50","Vermont","2007","0.16","Unstable",,"Cause: Fire"
"50","Vermont","2007","0.32","Unstable",,"Cause: Unknown Mechanism or Intent "
"50","Vermont","2008","0.16","Unstable",,"Cause: Fire"
"50","Vermont","2008","0.00","Unstable",,"Cause: Unknown Mechanism or Intent "
"50","Vermont","2009","0.32","Unstable",,"Cause: Fire"
"50","Vermont","2009","0.16","Unstable",,"Cause: Unknown Mechanism or Intent "
"50","Vermont","2010","0.00","Unstable",,"Cause: Fire"
"50","Vermont","2010","0.16","Unstable",,"Cause: Unknown Mechanism or Intent "
"50","Vermont","2011","0.00","Unstable",,"Cause: Fire"
"50","Vermont","2011","0.00","Unstable",,"Cause: Unknown Mechanism or Intent "
"50","Vermont","2012","0.16","Unstable",,"Cause: Fire"
"50","Vermont","2012","0.16","Unstable",,"Cause: Unknown Mechanism or Intent "
"50","Vermont","2013","0.00","Unstable",,"Cause: Fire"
"50","Vermont","2013","0.00","Unstable",,"Cause: Unknown Mechanism or Intent "
"50","Vermont","2014","0.16","Unstable",,"Cause: Fire"
"50","Vermont","2014","0.00","Unstable",,"Cause: Unknown Mechanism or Intent "
"50","Vermont","2015","0.32","Unstable",,"Cause: Fire"
"50","Vermont","2015","0.16","Unstable",,"Cause: Unknown Mechanism or Intent "
"50","Vermont","2016","0.00","Unstable",,"Cause: Fire"
"50","Vermont","2016","0.00","Unstable",,"Cause: Unknown Mechanism or Intent "
"50","Vermont","2017","0.00","Unstable",,"Cause: Fire"
"50","Vermont","2017","0.16","Unstable",,"Cause: Unknown Mechanism or Intent "
"50","Vermont","2018","0.00","Unstable",,"Cause: Fire"
"50","Vermont","2018","0.00","Unstable",,"Cause: Unknown Mechanism or Intent "
"50","Vermont","2019","0.00","Unstable",,"Cause: Fire"
"50","Vermont","2019","0.00","Unstable",,"Cause: Unknown Mechanism or Intent "
"50","Vermont","2020","0.00","Unstable",,"Cause: Fire"
"50","Vermont","2020","0.16","Unstable",,"Cause: Unknown Mechanism or Intent "
"50","Vermont","2021","0.00","Unstable",,"Cause: Fire"
"50","Vermont","2021","0.00","Unstable",,"Cause: Unknown Mechanism or Intent "
"51","Virginia","2010","0.11","Unstable",,"Cause: Fire"
"51","Virginia","2010","0.11","Unstable",,"Cause: Unknown Mechanism or Intent "
"51","Virginia","2011","0.15","",,"Cause: Fire"
"51","Virginia","2011","0.14","Unstable",,"Cause: Unknown Mechanism or Intent "
"51","Virginia","2012","0.10","Unstable",,"Cause: Fire"
"51","Virginia","2012","0.13","Unstable",,"Cause: Unknown Mechanism or Intent "
"51","Virginia","2013","0.13","Unstable",,"Cause: Fire"
"51","Virginia","2013","0.16","",,"Cause: Unknown Mechanism or Intent "
"51","Virginia","2014","0.19","",,"Cause: Fire"
"51","Virginia","2014","0.14","",,"Cause: Unknown Mechanism or Intent "
"51","Virginia","2015","0.10","Unstable",,"Cause: Fire"
"51","Virginia","2015","0.16","",,"Cause: Unknown Mechanism or Intent "
"51","Virginia","2016","0.02","Unstable",,"Cause: Fire"
"51","Virginia","2016","0.00","Unstable",,"Cause: Unknown Mechanism or Intent "
"51","Virginia","2017","0.07","Unstable",,"Cause: Fire"
"51","Virginia","2017","0.02","Unstable",,"Cause: Unknown Mechanism or Intent "
"51","Virginia","2018","0.05","Unstable",,"Cause: Fire"
"51","Virginia","2018","0.00","Unstable",,"Cause: Unknown Mechanism or Intent "
"51","Virginia","2019","0.02","Unstable",,"Cause: Fire"
"51","Virginia","2019","0.02","Unstable",,"Cause: Unknown Mechanism or Intent "
"51","Virginia","2020","0.35","",,"Cause: Fire"
"51","Virginia","2020","0.00","Unstable",,"Cause: Unknown Mechanism or Intent "
"51","Virginia","2021","0.09","Unstable",,"Cause: Fire"
"51","Virginia","2021","0.01","Unstable",,"Cause: Unknown Mechanism or Intent "
"51","Virginia","2022","0.06","Unstable",,"Cause: Fire"
"51","Virginia","2022","0.00","Unstable",,"Cause: Unknown Mechanism or Intent "
"53","Washington","2000","0.12","Unstable",,"Cause: Fire"
"53","Washington","2000","0.05","Unstable",,"Cause: Unknown Mechanism or Intent "
"53","Washington","2001","0.07","Unstable",,"Cause: Fire"
"53","Washington","2001","0.05","Unstable",,"Cause: Unknown Mechanism or Intent "
"53","Washington","2002","0.07","Unstable",,"Cause: Fire"
"53","Washington","2002","0.08","Unstable",,"Cause: Unknown Mechanism or Intent "
"53","Washington","2003","0.10","Unstable",,"Cause: Fire"
"53","Washington","2003","0.03","Unstable",,"Cause: Unknown Mechanism or Intent "
"53","Washington","2004","0.05","Unstable",,"Cause: Fire"
"53","Washington","2004","0.05","Unstable",,"Cause: Unknown Mechanism or Intent "
"53","Washington","2005","0.03","Unstable",,"Cause: Fire"
"53","Washington","2005","0.06","Unstable",,"Cause: Unknown Mechanism or Intent "
"53","Washington","2006","0.11","Unstable",,"Cause: Fire"
"53","Washington","2006","0.13","Unstable",,"Cause: Unknown Mechanism or Intent "
"53","Washington","2007","0.09","Unstable",,"Cause: Fire"
"53","Washington","2007","0.05","Unstable",,"Cause: Unknown Mechanism or Intent "
"53","Washington","2008","0.08","Unstable",,"Cause: Fire"
"53","Washington","2008","0.15","Unstable",,"Cause: Unknown Mechanism or Intent "
"53","Washington","2009","0.12","Unstable",,"Cause: Fire"
"53","Washington","2009","0.07","Unstable",,"Cause: Unknown Mechanism or Intent "
"53","Washington","2010","0.13","Unstable",,"Cause: Fire"
"53","Washington","2010","0.79","",,"Cause: Unknown Mechanism or Intent "
"53","Washington","2011","0.03","Unstable",,"Cause: Fire"
"53","Washington","2011","0.10","Unstable",,"Cause: Unknown Mechanism or Intent "
"53","Washington","2012","0.19","",,"Cause: Fire"
"53","Washington","2012","0.10","Unstable",,"Cause: Unknown Mechanism or Intent "
"53","Washington","2013","0.11","Unstable",,"Cause: Fire"
"53","Washington","2013","0.13","Unstable",,"Cause: Unknown Mechanism or Intent "
"53","Washington","2014","0.10","Unstable",,"Cause: Fire"
"53","Washington","2014","0.11","Unstable",,"Cause: Unknown Mechanism or Intent "
"53","Washington","2015","0.04","Unstable",,"Cause: Fire"
"53","Washington","2015","0.10","Unstable",,"Cause: Unknown Mechanism or Intent "
"53","Washington","2016","0.07","Unstable",,"Cause: Fire"
"53","Washington","2016","0.10","Unstable",,"Cause: Unknown Mechanism or Intent "
"53","Washington","2017","0.04","Unstable",,"Cause: Fire"
"53","Washington","2017","0.01","Unstable",,"Cause: Unknown Mechanism or Intent "
"53","Washington","2018","0.03","Unstable",,"Cause: Fire"
"53","Washington","2018","0.03","Unstable",,"Cause: Unknown Mechanism or Intent "
"53","Washington","2019","0.11","Unstable",,"Cause: Fire"
"53","Washington","2019","0.03","Unstable",,"Cause: Unknown Mechanism or Intent "
"53","Washington","2020","0.06","Unstable",,"Cause: Fire"
"53","Washington","2020","0.00","Unstable",,"Cause: Unknown Mechanism or Intent "
"53","Washington","2021","0.09","Unstable",,"Cause: Fire"
"53","Washington","2021","0.01","Unstable",,"Cause: Unknown Mechanism or Intent "
"54","West Virginia","2014","0.00","Unstable",,"Cause: Fire"
"54","West Virginia","2014","0.76","",,"Cause: Unknown Mechanism or Intent "
"54","West Virginia","2015","0.00","Unstable",,"Cause: Fire"
"54","West Virginia","2015","1.52","",,"Cause: Unknown Mechanism or Intent "
"54","West Virginia","2016","0.00","Unstable",,"Cause: Fire"
"54","West Virginia","2016","0.16","Unstable",,"Cause: Unknown Mechanism or Intent "
"55","Wisconsin","2000","0.22","",,"Cause: Fire"
"55","Wisconsin","2000","0.11","Unstable",,"Cause: Unknown Mechanism or Intent "
"55","Wisconsin","2001","0.37","",,"Cause: Fire"
"55","Wisconsin","2001","0.18","Unstable",,"Cause: Unknown Mechanism or Intent "
"55","Wisconsin","2002","0.09","Unstable",,"Cause: Fire"
"55","Wisconsin","2002","0.06","Unstable",,"Cause: Unknown Mechanism or Intent "
"55","Wisconsin","2003","0.13","Unstable",,"Cause: Fire"
"55","Wisconsin","2003","0.18","Unstable",,"Cause: Unknown Mechanism or Intent "
"55","Wisconsin","2004","0.11","Unstable",,"Cause: Fire"
"55","Wisconsin","2004","0.09","Unstable",,"Cause: Unknown Mechanism or Intent "
"55","Wisconsin","2005","0.16","Unstable",,"Cause: Fire"
"55","Wisconsin","2005","0.18","Unstable",,"Cause: Unknown Mechanism or Intent "
"55","Wisconsin","2006","0.18","Unstable",,"Cause: Fire"
"55","Wisconsin","2006","0.22","",,"Cause: Unknown Mechanism or Intent "
"55","Wisconsin","2007","0.21","",,"Cause: Fire"
"55","Wisconsin","2007","0.09","Unstable",,"Cause: Unknown Mechanism or Intent "
"55","Wisconsin","2008","0.18","Unstable",,"Cause: Fire"
"55","Wisconsin","2008","0.14","Unstable",,"Cause: Unknown Mechanism or Intent "
"55","Wisconsin","2009","0.09","Unstable",,"Cause: Fire"
"55","Wisconsin","2009","0.05","Unstable",,"Cause: Unknown Mechanism or Intent "
"55","Wisconsin","2010","0.04","Unstable",,"Cause: Fire"
"55","Wisconsin","2010","0.09","Unstable",,"Cause: Unknown Mechanism or Intent "
"55","Wisconsin","2011","0.11","Unstable",,"Cause: Fire"
"55","Wisconsin","2011","0.14","Unstable",,"Cause: Unknown Mechanism or Intent "
"55","Wisconsin","2012","0.16","Unstable",,"Cause: Fire"
"55","Wisconsin","2012","0.14","Unstable",,"Cause: Unknown Mechanism or Intent "
"55","Wisconsin","2013","0.10","Unstable",,"Cause: Fire"
"55","Wisconsin","2013","0.31","",,"Cause: Unknown Mechanism or Intent "
"55","Wisconsin","2014","0.16","Unstable",,"Cause: Fire"
"55","Wisconsin","2014","0.23","",,"Cause: Unknown Mechanism or Intent "
"55","Wisconsin","2015","0.03","Unstable",,"Cause: Fire"
"55","Wisconsin","2015","0.09","Unstable",,"Cause: Unknown Mechanism or Intent "
"55","Wisconsin","2016","0.05","Unstable",,"Cause: Fire"
"55","Wisconsin","2016","0.05","Unstable",,"Cause: Unknown Mechanism or Intent "
"55","Wisconsin","2017","0.07","Unstable",,"Cause: Fire"
"55","Wisconsin","2017","0.05","Unstable",,"Cause: Unknown Mechanism or Intent "
"55","Wisconsin","2018","0.09","Unstable",,"Cause: Fire"
"55","Wisconsin","2018","0.00","Unstable",,"Cause: Unknown Mechanism or Intent "
"55","Wisconsin","2019","0.02","Unstable",,"Cause: Fire"
"55","Wisconsin","2019","0.00","Unstable",,"Cause: Unknown Mechanism or Intent "
"55","Wisconsin","2020","0.07","Unstable",,"Cause: Fire"
"55","Wisconsin","2020","0.03","Unstable",,"Cause: Unknown Mechanism or Intent "
"55","Wisconsin","2021","0.09","Unstable",,"Cause: Fire"
"55","Wisconsin","2021","0.03","Unstable",,"Cause: Unknown Mechanism or Intent "
"55","Wisconsin","2022","0.05","Unstable",,"Cause: Fire"
"55","Wisconsin","2022","0.00","Unstable",,"Cause: Unknown Mechanism or Intent "
